year,state,treatment,pupil_expenditure,teacher_salary,stateid,proficieny_mean,log_salary,post
1959,AK,0,3479.637451,50909.706,1,8.154970732,10.83782851,0
1960,AK,0,4127.874023,50050.31949,1,8.325760015,10.82080415,0
1961,AK,0,4334.307129,51040.4732,1,8.374547735,10.84039378,0
1962,AK,0,4494.90625,54001.7685,1,8.410922539,10.89679059,0
1963,AK,0,4654.535645,56718.8479,1,8.445812252,10.94587948,0
1964,AK,0,4768.814941,49350.99665,1,8.470062787,10.8067335,0
1965,AK,0,4847.786621,57040.68063,1,8.486483771,10.95153752,0
1966,AK,0,5468.977051,60052.88878,1,8.6070297,11.00299758,0
1967,AK,0,5924.72168,61656.31048,1,8.687057761,11.02934708,0
1968,AK,0,6011.810059,65335.34373,1,8.701647482,11.08730373,0
1969,AK,0,6293.150391,62743.08752,1,8.747375972,11.04681963,0
1970,AK,1,7443.007324,76263.4015,1,8.915164602,11.24196155,1
1971,AK,1,8297.78125,76045.01096,1,9.023863946,11.23909384,1
1972,AK,1,7248.181152,76570.00063,1,8.888643797,11.2459737,1
1973,AK,1,9513.760742,76943.31609,1,9.160599634,11.25083727,1
1974,AK,1,6679.010742,72480.40015,1,8.806874875,11.19108526,1
1975,AK,1,7998.824219,78273.18832,1,8.987174848,11.26797318,1
1976,AK,1,10595.74121,80554.25302,1,9.2683018,11.2966986,1
1977,AK,1,11013.63086,80590.76493,1,9.306979746,11.29715175,1
1978,AK,1,12062.58008,81219.17497,1,9.397946282,11.30491896,1
1979,AK,1,12816.25,78611.29212,1,9.458547199,11.27228335,1
1980,AK,1,14571.25684,76871.35435,1,9.586874783,11.24990159,1
1981,AK,1,14541.9375,76581.07401,1,9.58486076,11.24611831,1
1982,AK,1,15815.68848,78783.74578,1,9.668820894,11.27447468,1
1983,AK,1,15436.15137,82771.51926,1,9.64453231,11.32385139,1
1984,AK,1,15147.91699,83425.83185,1,9.625684323,11.33172526,1
1985,AK,1,15446.97754,84060.9945,1,9.64523337,11.33930984,1
1986,AK,1,14186.66211,83686.94941,1,9.560128,11.33485027,1
1987,AK,1,13589.11328,77759.23133,1,9.517097843,11.26138541,1
1988,AK,1,12792.85156,77105.74242,1,9.456719988,11.25294601,1
1989,AK,1,13324.86328,75885.24652,1,9.497462034,11.23699074,1
1990,AK,1,12516.0957,73253.13707,1,9.434850645,11.20169,1
1991,AK,1,12570.95508,71502.19702,1,9.439223825,11.17749744,1
1992,AK,1,12279.77148,72583.27181,1,9.415790024,11.19250354,1
1993,AK,1,12011.57129,71697.41642,1,9.393708988,11.18022394,1
1994,AK,1,11819.76172,70553.32977,1,9.377612732,11.16413833,1
1995,AK,1,11716.46484,70354.54072,1,9.368835729,11.16131682,1
1996,AK,1,11439.42383,70388.03481,1,9.344908312,11.16179277,1
1997,AK,1,11236.61328,64670.92621,1,9.327021759,11.07708248,1
1998,AK,1,11241.9502,62667.68908,1,9.327496562,11.04561723,1
1999,AK,1,11526.32129,60812.2299,1,9.352475261,11.01556264,1
2000,AK,1,11670.42871,60937.91564,1,9.364899144,11.01762726,1
1959,AL,0,1628.838623,29388.85295,2,7.396236285,10.28840476,0
1960,AL,0,1629.741821,28995.60006,2,7.396790295,10.27493386,0
1961,AL,0,1649.776123,28950.01416,2,7.409000834,10.27336051,0
1962,AL,0,1792.804077,31087.92931,2,7.492093827,10.34460706,0
1963,AL,0,1939.657715,33075.3449,2,7.570782223,10.40657365,0
1964,AL,0,1859.417603,33060.10323,2,7.528556259,10.40611274,0
1965,AL,0,2272.563477,35650.4254,2,7.729103693,10.48154441,0
1966,AL,0,2390.640381,36881.07481,2,7.779734761,10.51548093,0
1967,AL,0,2736.327148,37376.36356,2,7.91473723,10.52882055,0
1968,AL,0,2572.780029,36812.61575,2,7.853130926,10.51362305,0
1969,AL,0,3039.907715,40503.75262,2,8.01991134,10.60917459,0
1970,AL,0,2580.863525,41453.12082,2,7.856266714,10.63234257,0
1971,AL,0,3342.132324,41656.77215,2,8.114663468,10.63724324,0
1972,AL,0,2878.623047,42280.95484,2,7.965414678,10.65211567,0
1973,AL,0,3937.926514,45497.08817,2,8.278663507,10.72542559,0
1974,AL,0,3626.885498,41236.02676,2,8.19640525,10.62709184,0
1975,AL,0,4163.243164,42950.54767,2,8.334289825,10.66782796,0
1976,AL,0,4205.452637,40622.03055,2,8.344374967,10.61209044,0
1977,AL,0,4334.352539,41876.82825,2,8.37455821,10.64251181,0
1978,AL,0,4780.662109,42139.65841,2,8.472543487,10.64876831,0
1979,AL,0,4566.785156,39982.94123,2,8.426783718,10.59623318,0
1980,AL,0,4859.062988,38270.94434,2,8.488806677,10.55247238,0
1981,AL,0,4593.95459,37450.93746,2,8.432714152,10.53081372,0
1982,AL,0,4639.284668,37616.35474,2,8.442530994,10.53522079,0
1983,AL,0,4236.103027,38711.50854,2,8.351635066,10.56391805,0
1984,AL,0,4685.393555,42593.32488,2,8.452418601,10.6594763,0
1985,AL,0,4886.036133,46691.54564,2,8.494341291,10.75133981,0
1986,AL,0,4815.711914,46754.70868,2,8.479846799,10.75269164,0
1987,AL,0,4931.181641,44534.48349,2,8.503536693,10.70404153,0
1988,AL,0,5564.751465,44264.62956,2,8.624387289,10.6979638,0
1989,AL,0,5528.252441,43660.43845,2,8.617807903,10.68422058,0
1990,AL,0,5721.172852,43209.95795,2,8.652103881,10.6738494,0
1991,AL,0,5467.142578,43180.53236,2,8.606694273,10.67316819,0
1992,AL,0,5551.418457,41890.68596,2,8.62198887,10.64284266,0
1993,AL,0,5772.828613,43316.93758,2,8.661090677,10.67632209,0
1994,AL,0,6045.592773,45824.13093,2,8.707250214,10.73258793,0
1995,AL,0,6213.715332,44803.06956,2,8.7346752,10.71005425,0
1996,AL,0,6385.38916,45235.85099,2,8.761924311,10.71966732,0
1997,AL,0,6588.333008,44586.67793,2,8.79320741,10.70521282,0
1998,AL,0,6939.739258,47918.80933,2,8.845163569,10.77728425,0
1999,AL,0,7379.057129,48020.74604,2,8.906536659,10.77940923,0
2000,AL,0,7452.044922,48063.49409,2,8.916377942,10.78029901,0
1959,AR,0,1481.970215,24293.38635,3,7.301802258,10.09800059,0
1960,AR,0,1612.228394,25112.07415,3,7.385992664,10.13114387,0
1961,AR,0,1709.791016,26249.14638,3,7.444711125,10.17542684,0
1962,AR,0,1778.105835,27321.31121,3,7.483866177,10.21545891,0
1963,AR,0,1841.847534,28279.66542,3,7.519067227,10.24993365,0
1964,AR,0,2034.570801,29543.07097,3,7.61853155,10.29363836,0
1965,AR,0,2374.246094,32812.23619,3,7.77285633,10.39858726,0
1966,AR,0,2436.672363,34263.0569,3,7.798798914,10.44185218,0
1967,AR,0,2968.581055,36534.17127,3,7.996176163,10.50603067,0
1968,AR,0,2788.654053,38567.08935,3,7.933672872,10.56018051,0
1969,AR,0,3035.685791,37271.53296,3,8.018521999,10.52601195,0
1970,AR,0,2909.125244,37283.08073,3,7.975951398,10.52632172,0
1971,AR,0,3201.056152,37801.75743,3,8.07154843,10.54013733,0
1972,AR,0,3042.1521,38410.19994,3,8.020649132,10.55610436,0
1973,AR,0,3602.697266,38704.93867,3,8.189715616,10.56374832,0
1974,AR,0,3646.519043,38688.35419,3,8.201802501,10.56331976,0
1975,AR,0,3221.511719,39104.16948,3,8.077916371,10.57400995,0
1976,AR,0,3844.630859,37299.45503,3,8.254692941,10.5267608,0
1977,AR,0,4079.314453,37418.55447,3,8.313929336,10.52994869,0
1978,AR,0,3863.825928,37209.98726,3,8.259671922,10.52435935,0
1979,AR,0,4420.852539,37300.7923,3,8.394314014,10.52679666,0
1980,AR,0,4193.158203,35625.95686,3,8.341447932,10.48085785,0
1981,AR,0,4147.061035,34797.80289,3,8.330396284,10.45733827,0
1982,AR,0,4185.304199,35516.01223,3,8.339573571,10.47776708,0
1983,AR,0,4577.594238,37062.95262,3,8.429147295,10.52040015,0
1984,AR,0,4876.561523,39237.48716,3,8.492400686,10.57741336,0
1985,AR,0,5077.663086,39556.08852,3,8.532803334,10.58550019,0
1986,AR,0,5089.016113,39600.24347,3,8.535036275,10.5866158,0
1987,AR,0,5319.521484,39042.77376,3,8.579326601,10.5724387,0
1988,AR,0,5572.859375,39345.92778,3,8.625842979,10.58017318,0
1989,AR,0,5678.794922,39306.35252,3,8.644670406,10.57916687,0
1990,AR,0,5774.635742,41227.09978,3,8.661403615,10.62687534,0
1991,AR,0,6046.674316,43339.03122,3,8.707429067,10.676832,0
1992,AR,0,5997.392578,42636.7079,3,8.699246809,10.6604943,0
1993,AR,0,6055.041016,42400.95147,3,8.708811568,10.65494967,0
1994,AR,0,6159.414551,41799.95298,3,8.725899351,10.64067442,0
1995,AR,0,6296.897461,42256.22117,3,8.74797112,10.65153053,0
1996,AR,0,6302.74707,42496.60056,3,8.748899509,10.6572029,0
1997,AR,0,6396.456543,42921.02898,3,8.763655775,10.66714047,0
1998,AR,0,6629.567383,43276.75828,3,8.799445658,10.67539412,0
1999,AR,0,6907.50293,43697.58313,3,8.840508241,10.68507096,0
2000,AR,0,7050.188477,43865.72607,3,8.86095146,10.68891136,0
1959,AZ,0,2576.093262,41205.83946,4,7.8544174,10.62635953,0
1960,AZ,0,2827.441162,42752.10564,4,7.947481013,10.66319712,0
1961,AZ,0,2787.879883,44478.83438,4,7.933395319,10.70279121,0
1962,AZ,0,2962.116455,45772.85846,4,7.99399685,10.73146843,0
1963,AZ,0,3213.614014,46887.69831,4,8.075462572,10.75553195,0
1964,AZ,0,3240.42627,47128.23226,4,8.083768719,10.76064873,0
1965,AZ,0,3358.914795,48629.94921,4,8.119670894,10.79201542,0
1966,AZ,0,3942.481445,48658.7903,4,8.279819228,10.79260831,0
1967,AZ,0,3851.159912,47658.94393,4,8.256389286,10.77184657,0
1968,AZ,0,3770.149902,47145.21207,4,8.235135248,10.76100895,0
1969,AZ,0,4006.934326,51780.87195,4,8.296031257,10.8547954,0
1970,AZ,0,4262.080078,52181.70103,4,8.357747201,10.86250632,0
1971,AZ,0,4307.656738,54573.22509,4,8.368381473,10.90731698,0
1972,AZ,0,4776.262695,54566.1675,4,8.471623004,10.90718765,0
1973,AZ,0,4307.789551,51788.29822,4,8.368412297,10.85493881,0
1974,AZ,0,4931.396484,47720.20731,4,8.503580251,10.77313118,0
1975,AZ,0,5350.867188,50233.94242,4,8.585200786,10.82446613,0
1976,AZ,0,5036.654297,52666.84583,4,8.524695835,10.87176041,0
1977,AZ,0,4697.307129,51923.23695,4,8.454957537,10.85754095,0
1978,AZ,0,5032.783203,49102.7353,4,8.523927108,10.80169039,0
1979,AZ,0,5601.564453,47563.84144,4,8.63097971,10.76984914,0
1980,AZ,0,5538.725586,46372.62434,4,8.619700245,10.74448614,0
1981,AZ,0,5451.183594,46084.41964,4,8.603771467,10.7382519,0
1982,AZ,0,5503.82373,46156.6931,4,8.613380029,10.73981892,0
1983,AZ,0,5731.885742,47381.20506,4,8.653974303,10.76600202,0
1984,AZ,0,5688.993164,49067.84606,4,8.646464326,10.80097961,0
1985,AZ,0,6098.391113,50015.0758,4,8.715944228,10.82009975,0
1986,AZ,0,6837.011719,51672.90612,4,8.830252284,10.85270822,0
1987,AZ,0,6714.658203,52571.45958,4,8.812197124,10.86994768,0
1988,AZ,0,6871.486328,52338.96839,4,8.835281231,10.86551557,0
1989,AZ,0,6536.833008,51703.89123,4,8.785361045,10.85330766,0
1990,AZ,0,6439.154297,50533.26961,4,8.770307778,10.83040699,0
1991,AZ,0,6334.946777,49912.73134,4,8.753994533,10.81805142,0
1992,AZ,0,6354.381836,48727.66617,4,8.757057266,10.79402276,0
1993,AZ,0,6192.473145,47987.41038,4,8.731251298,10.77871481,0
1994,AZ,0,6274.219727,47216.04038,4,8.74436378,10.76251013,0
1995,AZ,0,6403.875,46477.1216,4,8.764814698,10.74673698,0
1996,AZ,0,6133.750977,46814.63764,4,8.721724766,10.75397256,0
1997,AZ,0,6242.854004,46750.93468,4,8.7393529,10.75261092,0
1998,AZ,0,6250.638672,46855.28466,4,8.740598896,10.75484042,0
1999,AZ,0,6583.71875,46660.84103,4,8.792506903,10.750682,0
2000,AZ,0,6991.713379,45969.04212,4,8.85262394,10.7357452,0
1959,CA,0,3470.725586,47072.57763,5,8.152407036,10.75946714,0
1960,CA,0,3587.322266,48030.36586,5,8.185440037,10.77960953,0
1961,CA,0,3655.099121,49283.80212,5,8.204152044,10.80537104,0
1962,CA,0,3514.268311,51371.3859,5,8.164871134,10.84685607,0
1963,CA,0,3393.973877,53243.33672,5,8.130051345,10.88264673,0
1964,CA,0,3822.491943,55569.10968,5,8.248919405,10.92540074,0
1965,CA,0,4019.936768,56417.66349,5,8.299270181,10.9405553,0
1966,CA,0,3891.758545,56869.54053,5,8.266873323,10.94853274,0
1967,CA,0,4415.857422,58104.73986,5,8.393183732,10.97001973,0
1968,CA,0,4158.991699,58900.1852,5,8.333268358,10.98361649,0
1969,CA,0,4951.547363,57930.40752,5,8.507657342,10.96701496,0
1970,CA,0,4782.344238,59010.00116,5,8.472895212,10.98547917,0
1971,CA,0,5280.316406,60840.31605,5,8.571930665,11.01602438,0
1972,CA,0,5109.57959,61347.81356,5,8.539068099,11.02433111,0
1973,CA,0,5938.546875,63108.54738,5,8.689388126,11.05262734,0
1974,CA,0,5230.300293,64266.80992,5,8.562415148,11.07081416,0
1975,CA,0,5190.746094,61606.9005,5,8.554825354,11.0285454,0
1976,CA,1,5971.107422,63232.40604,5,8.694855146,11.05458802,1
1977,CA,1,5933.423828,62502.19167,5,8.688525222,11.0429729,1
1978,CA,1,6327.830078,57353.41287,5,8.752870676,10.95700507,1
1979,CA,1,6806.294922,58418.58525,5,8.825750099,10.97540648,1
1980,CA,1,6385.45459,55843.77008,5,8.761934556,10.93033116,1
1981,CA,1,6359.904297,54585.96476,5,8.757925831,10.90755039,1
1982,CA,1,6141.924316,53777.35486,5,8.723056181,10.89262634,1
1983,CA,1,6501.876953,54389.20975,5,8.779999966,10.90393945,1
1984,CA,1,6814.064453,57525.64843,5,8.826890802,10.96000357,1
1985,CA,1,7162.64502,59033.19117,5,8.876774211,10.98587207,1
1986,CA,1,7504.125488,62225.54335,5,8.923341465,11.03853693,1
1987,CA,1,7442.161133,63727.63466,5,8.915050921,11.06238926,1
1988,CA,1,7750.044434,65617.71212,5,8.955582879,11.09161618,1
1989,CA,1,7917.700684,66820.09587,5,8.976982416,11.10977412,1
1990,CA,1,7666.428223,64999.70894,5,8.944736535,11.08215346,1
1991,CA,1,7428.54248,63915.06481,5,8.913219558,11.06532601,1
1992,CA,1,7171.02832,62222.89216,5,8.877943783,11.03849432,1
1993,CA,1,7119.783691,60759.90854,5,8.870773067,11.01470191,1
1994,CA,1,7060.679688,59835.92129,5,8.862438218,10.99937816,1
1995,CA,1,7064.290039,60464.75638,5,8.862949347,11.00983247,1
1996,CA,1,7310.169922,59749.29201,5,8.897158584,10.99792936,1
1997,CA,1,7668.51416,60573.37545,5,8.945008549,11.01162724,1
1998,CA,1,7761.047852,60734.61595,5,8.957001477,11.01428556,1
1999,CA,1,8264.53418,62406.42076,5,9.01984964,11.04143947,1
2000,CA,1,8848.206055,66455.16308,5,9.088083023,11.10429781,1
1959,CO,0,2603.033447,36534.6107,6,7.864816848,10.5060427,0
1960,CO,0,2843.619629,37182.52609,6,7.95318464,10.5236211,0
1961,CO,0,2915.805908,38061.81948,6,7.978244429,10.54699322,0
1962,CO,0,3047.523926,40251.62399,6,8.022412794,10.60293047,0
1963,CO,0,3160.864502,42259.79579,6,8.058917165,10.65161512,0
1964,CO,0,3133.29248,42380.23871,6,8.050158744,10.65446106,0
1965,CO,0,3299.203857,44241.13956,6,8.101739521,10.697433,0
1966,CO,0,3576.21167,44587.0658,6,8.182338913,10.70522152,0
1967,CO,0,3766.350586,45047.49495,6,8.234127271,10.71549485,0
1968,CO,0,3852.69873,44663.88512,6,8.256788675,10.7069429,0
1969,CO,0,4076.254883,45156.00996,6,8.313179218,10.71790081,0
1970,CO,0,4080.359619,46421.20091,6,8.314185452,10.74553309,0
1971,CO,0,4631.977539,48930.68958,6,8.440955037,10.79818051,0
1972,CO,0,4660.663086,50987.54505,6,8.447127549,10.83935628,0
1973,CO,0,5072.818848,50093.94422,6,8.531849037,10.82167537,0
1974,CO,0,4921.049805,48343.85633,6,8.50148035,10.78611511,0
1975,CO,0,5341.178711,48637.02671,6,8.583388847,10.79216095,0
1976,CO,0,5513.085449,50267.84667,6,8.615061088,10.82514081,0
1977,CO,0,5535.293457,50469.53025,6,8.619080505,10.82914489,0
1978,CO,0,6640.646973,50132.81584,6,8.80111525,10.82245103,0
1979,CO,0,6781.73877,48675.14615,6,8.822136248,10.79294438,0
1980,CO,0,6639.041504,47346.46665,6,8.800873493,10.76526859,0
1981,CO,0,6613.320312,46962.40088,6,8.796992322,10.75712387,0
1982,CO,0,6655.675781,48416.34077,6,8.803375507,10.78761331,0
1983,CO,0,6852.609863,50958.54954,6,8.83253078,10.83878745,0
1984,CO,0,7187.969238,51321.86088,6,8.88030308,10.84589156,0
1985,CO,0,7429.03125,52471.24565,6,8.913285344,10.86803965,0
1986,CO,0,7588.79248,54488.13645,6,8.934559529,10.90575663,0
1987,CO,0,7443.738281,54995.79701,6,8.915262791,10.91503023,0
1988,CO,0,7650.420898,54752.69894,6,8.942646648,10.91060021,0
1989,CO,0,7661.56543,54088.4391,6,8.944102119,10.89839423,0
1990,CO,0,7678.775391,53246.0398,6,8.94634558,10.88269749,0
1991,CO,0,7435.1875,52948.22462,6,8.914113564,10.87708871,0
1992,CO,0,7407.623535,52129.83704,6,8.910399943,10.86151193,0
1993,CO,0,7133.524414,51044.72149,6,8.872700872,10.84047701,0
1994,CO,0,7426.581543,50866.49211,6,8.912955586,10.83697934,0
1995,CO,0,7326.595215,50599.29588,6,8.899402667,10.8317127,0
1996,CO,0,7382.306152,50408.60092,6,8.906976805,10.82793693,0
1997,CO,0,7684.771973,50594.42642,6,8.947126103,10.83161646,0
1998,CO,0,7923.062988,50868.58528,6,8.977659357,10.83702049,0
1999,CO,0,8134.770508,49950.00494,6,9.00402573,10.8187979,0
2000,CO,0,8316.334961,49618.50439,6,9.026097165,10.81213927,0
1959,CT,0,2912.548096,44105.75942,7,7.977126894,10.69436832,0
1960,CT,0,3169.792236,44970.79484,7,8.061736752,10.71379079,0
1961,CT,0,3334.344238,47174.45359,7,8.112331173,10.76162899,0
1962,CT,0,3478.572998,47844.15674,7,8.154664864,10.77572517,0
1963,CT,0,3583.700684,48342.18879,7,8.184430258,10.78608062,0
1964,CT,0,3830.512695,49062.6,7,8.251014964,10.80087269,0
1965,CT,1,4022.431641,49841.37143,7,8.299890459,10.81662073,1
1966,CT,1,4059.39917,50206.71862,7,8.309036565,10.82392405,1
1967,CT,1,4718.310547,50433.60847,7,8.459417997,10.82843289,1
1968,CT,1,4658.291504,53260.80577,7,8.446618678,10.88297476,1
1969,CT,1,5411.36377,53949.54874,7,8.596441202,10.89582314,1
1970,CT,1,5092.079102,53952.00106,7,8.535637858,10.8958686,1
1971,CT,1,5837.664551,54266.33146,7,8.672257377,10.90167769,1
1972,CT,1,6042.504395,55296.49862,7,8.70673932,10.92048295,1
1973,CT,1,6203.146484,54170.21616,7,8.732973135,10.89990498,1
1974,CT,1,6131.323242,50285.57206,7,8.721328953,10.82549336,1
1975,CT,1,6227.510742,48126.33793,7,8.736892537,10.78160565,1
1976,CT,1,6788.012695,52314.27726,7,8.823060804,10.86504372,1
1977,CT,1,6246.321289,52311.85161,7,8.739908057,10.86499735,1
1978,CT,1,6471.899414,51818.40218,7,8.775379419,10.85551992,1
1979,CT,1,6508.620605,49483.0947,7,8.781036455,10.80940658,1
1980,CT,1,7174.624512,46751.04676,7,8.878445077,10.75261331,1
1981,CT,1,7326.268066,45237.62353,7,8.89935802,10.7197065,1
1982,CT,1,7947.635742,46870.74176,7,8.980755588,10.75517025,1
1983,CT,1,8337.100586,49537.68261,7,9.028590722,10.81050911,1
1984,CT,1,9494.161133,51351.24283,7,9.158537593,10.84646389,1
1985,CT,1,9404.445312,53926.30337,7,9.149044089,10.89539218,1
1986,CT,1,10246.86426,58035.52563,7,9.234824598,10.96882784,1
1987,CT,1,11334.67285,64833.27073,7,9.335709922,11.07958961,1
1988,CT,1,11942.69043,68418.52432,7,9.38795842,11.13341351,1
1989,CT,1,12970.67188,71151.3211,7,9.470523172,11.17257823,1
1990,CT,1,12590.97656,72934.47834,7,9.440815109,11.19733047,1
1991,CT,1,12199.28906,75200.50371,7,9.409214924,11.22792651,1
1992,CT,1,11898.17383,75135.28852,7,9.38422425,11.22705892,1
1993,CT,1,11991.75,75103.31532,7,9.39205758,11.2266333,1
1994,CT,1,12330.4375,75480.92463,7,9.419907175,11.2316485,1
1995,CT,1,12061.56836,71904.11196,7,9.397862413,11.18310264,1
1996,CT,1,11924.15625,70080.8941,7,9.386405418,11.15741975,1
1997,CT,1,12093.34082,68921.99925,7,9.400492921,11.14074521,1
1998,CT,1,12465.51953,69007.36628,7,9.430801892,11.14198303,1
1999,CT,1,12764.69922,67772.7447,7,9.454517104,11.12393015,1
2000,CT,1,12823.81641,66724.88392,7,9.459137355,11.10834822,1
1959,DE,0,3096.973877,42219.58047,8,8.038503589,10.65066307,0
1960,DE,0,3287.19751,43306.21583,8,8.098094824,10.67607455,0
1961,DE,0,3351.461914,44653.45203,8,8.117450255,10.70670929,0
1962,DE,0,3570.067627,46229.93378,8,8.180619885,10.74140442,0
1963,DE,0,3632.773438,47619.27633,8,8.198026902,10.77101392,0
1964,DE,0,3533.531982,47831.63871,8,8.170336174,10.7754635,0
1965,DE,0,3577.573242,49495.25079,8,8.182719464,10.8096522,0
1966,DE,0,3943.256592,49802.91123,8,8.280015772,10.8158488,0
1967,DE,0,4533.435547,49780.74623,8,8.419455889,10.81540365,0
1968,DE,0,4362.751953,51381.01262,8,8.381087506,10.84704344,0
1969,DE,0,4952.280762,52880.0643,8,8.507805416,10.8758006,0
1970,DE,1,4966.10791,54963.60108,8,8.51059304,10.91444464,1
1971,DE,1,5493.963867,54977.03249,8,8.611587291,10.91468898,1
1972,DE,1,5588.838867,55348.66513,8,8.628705741,10.92142589,1
1973,DE,1,6203.133301,55594.45575,8,8.73297101,10.92585675,1
1974,DE,1,5944.979004,51130.37321,8,8.690470472,10.84215354,1
1975,DE,1,5969.491211,50845.95834,8,8.694584483,10.83657558,1
1976,DE,1,6581.796875,50470.95682,8,8.792214991,10.82917315,1
1977,DE,1,7032.662598,49426.02791,8,8.858462845,10.80825268,1
1978,DE,1,6359.886719,45938.91651,8,8.757923068,10.73508966,1
1979,DE,1,7769.240234,48500.94163,8,8.958056361,10.78935911,1
1980,DE,1,7199.637695,46889.97806,8,8.88192487,10.75558057,1
1981,DE,1,6944.096191,46273.92926,8,8.845791106,10.74235561,1
1982,DE,1,7176.111816,45446.03391,8,8.878652327,10.72430284,1
1983,DE,1,7754.561035,45831.16841,8,8.956165418,10.73274149,1
1984,DE,1,8077.474121,48110.83417,8,8.996958287,10.78128346,1
1985,DE,1,8541.447266,49901.58941,8,9.052802811,10.81782817,1
1986,DE,1,8811.224609,54647.30142,8,9.083895197,10.90867341,1
1987,DE,1,8841.763672,56765.58252,8,9.087354739,10.9467031,1
1988,DE,1,9138.765625,58016.16587,8,9.120390021,10.96849421,1
1989,DE,1,9366.353516,58693.99284,8,9.144985893,10.9801097,1
1990,DE,1,9105.959961,56662.0281,8,9.116794231,10.94487722,1
1991,DE,1,8963.310547,55311.29851,8,9.101006478,10.92075056,1
1992,DE,1,8941.417969,56288.90934,8,9.098561298,10.93827057,1
1993,DE,1,9206.250977,56542.14716,8,9.127746602,10.94275929,1
1994,DE,1,9566.456055,57494.98267,8,9.166122624,10.95947036,1
1995,DE,1,9580.545898,57995.17193,8,9.167594225,10.96813229,1
1996,DE,1,9915.404297,57586.79903,8,9.201945664,10.961066,1
1997,DE,1,10080.69824,57657.81049,8,9.218477004,10.96229834,1
1998,DE,1,10308.70117,57743.36923,8,9.240840592,10.96378112,1
1999,DE,1,10876.19336,58159.1717,8,9.294423524,10.97095606,1
2000,DE,1,11342.99316,59575.38219,8,9.336443646,10.9950145,1
1959,FL,0,2085.515869,37181.91951,9,7.643250906,10.52360478,0
1960,FL,0,2331.922852,38609.41838,9,7.754877203,10.56127743,0
1961,FL,0,2430.56543,40164.55883,9,7.796290539,10.60076516,0
1962,FL,0,2543.115967,41897.38529,9,7.841538508,10.64300257,0
1963,FL,0,2662.03418,43453.65434,9,7.887221421,10.67947324,0
1964,FL,0,2762.810547,43189.15613,9,7.924365639,10.67336788,0
1965,FL,0,2871.706055,44545.72571,9,7.963009741,10.70429393,0
1966,FL,0,3027.489746,43947.7041,9,8.015819341,10.69077842,0
1967,FL,0,3510.564697,47006.08168,9,8.163817,10.75805354,0
1968,FL,0,3869.828369,50942.39422,9,8.261223812,10.83847038,0
1969,FL,0,4056.175781,49315.11614,9,8.30824239,10.80600621,0
1970,FL,0,4094.795166,49484.10097,9,8.317716157,10.80942691,0
1971,FL,0,4290.181152,48564.57086,9,8.364317301,10.79067014,0
1972,FL,0,4265.433594,48097.5205,9,8.358533533,10.7810067,0
1973,FL,0,4689.586426,51223.51355,9,8.453312891,10.84397348,0
1974,FL,1,4582.959961,45513.10902,9,8.430318524,10.72577765,1
1975,FL,1,5274.202637,42541.18603,9,8.570772372,10.65825148,1
1976,FL,1,5153.043457,41430.63889,9,8.547536823,10.63180009,1
1977,FL,1,5191.296387,40286.38676,9,8.554931342,10.60379372,1
1978,FL,1,5700.825684,45300.1328,9,8.648541698,10.72108732,1
1979,FL,1,5508.821289,42496.89268,9,8.614287468,10.65720977,1
1980,FL,1,5846.699219,40923.87075,9,8.673803567,10.61949324,1
1981,FL,1,5727.580078,40252.80108,9,8.653222974,10.60295972,1
1982,FL,1,5703.794434,40986.61923,9,8.649062229,10.62102533,1
1983,FL,1,5959.710938,42685.11945,9,8.692945038,10.66162907,1
1984,FL,1,6319.191406,43728.72713,9,8.751504772,10.6857834,1
1985,FL,1,6606.043457,45090.57685,9,8.795891549,10.71645074,1
1986,FL,1,6993.748047,47417.23285,9,8.852914867,10.76676209,1
1987,FL,1,7251.275879,48367.7391,9,8.889070613,10.786609,1
1988,FL,1,7760.493652,49768.56193,9,8.956930076,10.81515887,1
1989,FL,1,8084.140137,50650.54006,9,8.997783105,10.83272492,1
1990,FL,1,8106.821777,49945.16906,9,9.000584526,10.81870109,1
1991,FL,1,7717.813477,49743.02549,9,8.951415936,10.81464564,1
1992,FL,1,7578.081543,48447.90794,9,8.933147303,10.78826508,1
1993,FL,1,7639.899414,48204.71186,9,8.9412706,10.7832328,1
1994,FL,1,7680.05127,47948.77918,9,8.946511701,10.77790948,1
1995,FL,1,7548.060547,47689.02081,9,8.929178404,10.77247745,1
1996,FL,1,7449.464355,47098.15214,9,8.916031639,10.76001028,1
1997,FL,1,7543.33252,46837.88536,9,8.928551901,10.75446902,1
1998,FL,1,7745.371582,47084.0428,9,8.95497983,10.75971067,1
1999,FL,1,7631.996582,48063.93841,9,8.940235784,10.78030826,1
2000,FL,1,7813.387695,48410.45893,9,8.96372189,10.78749182,1
1959,GA,0,1642.960938,28489.65296,10,7.404863815,10.25733135,0
1960,GA,0,1818.385742,30185.83687,10,7.506254219,10.31516124,0
1961,GA,0,1917.157227,31982.39251,10,7.559120226,10.37297206,0
1962,GA,0,1992.545532,33207.75759,10,7.597670007,10.4105689,0
1963,GA,0,2062.609863,34296.57095,10,7.632212089,10.44282981,0
1964,GA,0,2109.710938,35522.02581,10,7.654780107,10.47793638,0
1965,GA,0,2423.421143,37034.90794,10,7.793348071,10.51964321,0
1966,GA,0,2654.510742,39674.07591,10,7.884392285,10.58847846,0
1967,GA,0,3130.267578,43056.2651,10,8.049193179,10.67028626,0
1968,GA,0,3052.587158,43874.372,10,8.024072296,10.68910844,0
1969,GA,0,3201.330322,42601.13045,10,8.071634049,10.65965954,0
1970,GA,0,3356.148193,43712.36086,10,8.118847141,10.68540907,0
1971,GA,0,3528.723633,41511.40148,10,8.168974856,10.63374749,0
1972,GA,0,3764.545654,43804.21688,10,8.233648058,10.6875082,0
1973,GA,0,3991.256592,42457.07332,10,8.292111912,10.65627236,0
1974,GA,0,4007.311768,44823.11437,10,8.296125426,10.71050154,0
1975,GA,0,4094.144531,43051.87481,10,8.31755729,10.67018429,0
1976,GA,0,4167.709473,37981.59856,10,8.335361788,10.5448834,0
1977,GA,0,3954.818359,40040.11749,10,8.282942776,10.59766214,0
1978,GA,0,4327.851074,41783.30815,10,8.373057445,10.64027614,0
1979,GA,0,4478.372559,42130.46248,10,8.407238262,10.64855007,0
1980,GA,0,4181.442383,40210.69003,10,8.338650657,10.60191303,0
1981,GA,0,4488.879395,39252.4782,10,8.409581119,10.57779534,0
1982,GA,0,4554.053711,39535.92543,10,8.423992601,10.58499034,0
1983,GA,0,4794.84375,40786.98135,10,8.475504936,10.61614274,0
1984,GA,0,5195.199219,43254.41861,10,8.555682718,10.67487779,0
1985,GA,0,5593.822266,46703.7049,10,8.629596854,10.75160019,0
1986,GA,0,5906.103027,49006.89295,10,8.683910809,10.79973664,0
1987,GA,0,6132.068848,49400.4339,10,8.721450531,10.80773473,0
1988,GA,0,6664.449707,49529.86158,10,8.804692703,10.81035122,0
1989,GA,0,7033.789551,49249.00271,10,8.858623054,10.8046647,0
1990,GA,0,6959.553223,47863.87705,10,8.848014236,10.77613726,0
1991,GA,0,6602.910645,47024.52992,10,8.795417274,10.75844592,0
1992,GA,0,6788.998535,46972.9604,10,8.823206005,10.75734869,0
1993,GA,0,6894.476074,46345.57697,10,8.838620834,10.74390272,0
1994,GA,0,7104.380371,48301.90631,10,8.868607575,10.78524701,0
1995,GA,0,7234.84082,48650.52762,10,8.886801848,10.79243849,0
1996,GA,0,7461.346191,49470.50145,10,8.917625147,10.80915205,0
1997,GA,0,7672.120605,51041.40725,10,8.94547867,10.84041208,0
1998,GA,0,8150.165039,53075.90061,10,9.005916146,10.8794971,0
1999,GA,0,8425.40918,53693.3431,10,9.039126003,10.89106293,0
2000,GA,0,8773.609375,53457.91091,10,9.079617532,10.88666862,0
1959,HI,0,2284.023926,39542.31948,11,7.734131774,10.58515205,0
1960,HI,0,2352.731934,39308.00686,11,7.763757404,10.57920895,0
1961,HI,0,2454.432129,39486.23831,11,7.806058045,10.58373282,0
1962,HI,0,2608.356201,40224.34163,11,7.866858804,10.60225246,0
1963,HI,0,2750.211426,40814.1102,11,7.919796612,10.61680764,0
1964,HI,0,2855.874756,42373.20465,11,7.957483564,10.65429508,0
1965,HI,0,3333.470459,47965.39759,11,8.112069163,10.77825599,0
1966,HI,0,4200.111328,52050.77236,11,8.343104371,10.85999412,0
1967,HI,0,4035.777832,51184.40006,11,8.303202086,10.84320962,0
1968,HI,0,4281.405762,49751.85856,11,8.362270225,10.8148232,0
1969,HI,0,4705.504395,56872.80623,11,8.456700745,10.94859017,0
1970,HI,1,5055.57666,58189.48114,11,8.528444984,10.97147707,1
1971,HI,1,5156.69043,56656.87131,11,8.548244167,10.9447862,1
1972,HI,1,5124.603516,56772.8108,11,8.542003556,10.94683042,1
1973,HI,1,5886.026367,57146.38578,11,8.680506288,10.95338893,1
1974,HI,1,5536.061523,60188.76458,11,8.619219228,11.00525759,1
1975,HI,1,5776.755371,61643.37827,11,8.661770542,11.02913732,1
1976,HI,1,6027.95166,65884.33482,11,8.704328421,11.09567116,1
1977,HI,1,6473.199219,63243.43816,11,8.775580206,11.05476247,1
1978,HI,1,4917.788574,61139.29329,11,8.500817554,11.02092639,1
1979,HI,1,6266.499512,55081.6676,11,8.743132752,10.91659038,1
1980,HI,1,6333.106445,54091.91244,11,8.753704032,10.89845845,1
1981,HI,1,6267.216309,54075.00847,11,8.743247113,10.8981459,1
1982,HI,1,6762.012207,52987.608,11,8.819223663,10.87783223,1
1983,HI,1,6754.59082,53325.20154,11,8.818125711,10.88418308,1
1984,HI,1,6681.803711,51687.03647,11,8.807292896,10.85298163,1
1985,HI,1,7103.571289,52375.99814,11,8.868493699,10.86622281,1
1986,HI,1,6969.618164,51913.64313,11,8.849459189,10.85735617,1
1987,HI,1,7026.763672,54600.37855,11,8.857623822,10.90781441,1
1988,HI,1,7079.880859,55750.81662,11,8.865153594,10.92866527,1
1989,HI,1,7262.732422,56355.16639,11,8.890649083,10.93944694,1
1990,HI,1,8041.024414,55535.87811,11,8.992436123,10.92480255,1
1991,HI,1,8104.453125,55279.27854,11,9.000292339,10.9201715,1
1992,HI,1,8286.370117,56682.12507,11,9.022487962,10.94523183,1
1993,HI,1,8348.03418,55176.46771,11,9.029901144,10.91830996,1
1994,HI,1,8235.446289,56673.96208,11,9.016324254,10.94508781,1
1995,HI,1,7955.027344,51233.14636,11,8.981685077,10.84416151,1
1996,HI,1,7828.762207,49812.38659,11,8.965687419,10.81603903,1
1997,HI,1,7958.653809,52139.15958,11,8.982140787,10.86169075,1
1998,HI,1,8135.424316,54015.01296,11,9.004106089,10.89703582,1
1999,HI,1,8547.060547,53110.90062,11,9.0534597,10.8801563,1
2000,HI,1,8351.99707,50717.64847,11,9.030375684,10.83404894,1
1959,IA,0,2477.736328,29620.86878,12,7.815504164,10.29626818,0
1960,IA,0,2736.857666,32628.70746,12,7.91493102,10.39297842,0
1961,IA,0,2864.02002,35774.32199,12,7.960330617,10.4850136,0
1962,IA,0,2951.647949,37210.7869,12,7.990457657,10.52438084,0
1963,IA,0,3016.283447,38492.78947,12,8.012112185,10.55825219,0
1964,IA,0,3016.957275,40424.76877,12,8.012335483,10.6072227,0
1965,IA,0,3609.460205,41880.59683,12,8.191590524,10.64260179,0
1966,IA,0,3570.867676,42063.26962,12,8.180843896,10.64695396,0
1967,IA,0,4221.668457,47058.31066,12,8.348222543,10.75916401,0
1968,IA,0,4286.604004,48755.5682,12,8.363483349,10.7945952,0
1969,IA,0,4742.240723,47829.72108,12,8.464475878,10.77542341,0
1970,IA,0,5023.147949,47196.76093,12,8.522011156,10.76210173,0
1971,IA,0,5138.706543,51891.9439,12,8.544751264,10.8569381,0
1972,IA,0,5269.849609,50314.59709,12,8.569946845,10.82607039,0
1973,IA,0,5210.277832,48394.67906,12,8.55858037,10.78716581,0
1974,IA,0,5107.216309,45150.41952,12,8.538605563,10.717777,0
1975,IA,1,5416.151855,46894.19992,12,8.597325468,10.7556706,1
1976,IA,1,5718.930176,48029.80272,12,8.651711877,10.77959781,1
1977,IA,1,6817.09668,47198.69017,12,8.827335633,10.76214261,1
1978,IA,1,6672.958008,47487.38173,12,8.805968367,10.76824036,1
1979,IA,1,6500.18457,46074.09243,12,8.779739681,10.73802779,1
1980,IA,1,6629.960938,44471.25015,12,8.79950501,10.70262068,1
1981,IA,1,6508.495117,43827.09629,12,8.781017177,10.68803036,1
1982,IA,1,6597.690918,43406.70189,12,8.794626563,10.67839217,1
1983,IA,1,6745.41748,44112.55433,12,8.816766899,10.69452237,1
1984,IA,1,6837.427734,43934.40074,12,8.830313121,10.69047567,1
1985,IA,1,6866.152832,43955.71289,12,8.834504864,10.69096063,1
1986,IA,1,7062.427734,44993.94625,12,8.862685727,10.71430546,1
1987,IA,1,7422.010742,47732.38226,12,8.912340014,10.77338627,1
1988,IA,1,7422.410645,47568.6479,12,8.912393886,10.76995019,1
1989,IA,1,7367.762695,47035.0309,12,8.905005087,10.7586692,1
1990,IA,1,7370.124023,46671.82643,12,8.905325487,10.7509174,1
1991,IA,1,7677.147949,46752.36017,12,8.946133645,10.75264141,1
1992,IA,1,7723.779785,46828.41865,12,8.952188595,10.75426689,1
1993,IA,1,7650.648926,46418.0108,12,8.942676449,10.74546437,1
1994,IA,1,7710.542969,46364.12117,12,8.950473572,10.74430276,1
1995,IA,1,7842.525879,46318.30128,12,8.967443742,10.74331403,1
1996,IA,1,7974.727051,46240.65975,12,8.98415809,10.7416364,1
1997,IA,1,8149.178223,46306.67105,12,9.005795074,10.74306291,1
1998,IA,1,8352.30957,46724.18351,12,9.030413095,10.75203856,1
1999,IA,1,8591.491211,46697.48909,12,9.058643986,10.75146709,1
2000,IA,1,8775.375,46193.17634,12,9.079818731,10.74060902,1
1959,ID,0,1965.792603,30947.46626,13,7.584159374,10.34007872,0
1960,ID,0,2157.812012,26997.94567,13,7.677313355,10.20355309,0
1961,ID,0,2241.949219,27535.48465,13,7.715546894,10.22326712,0
1962,ID,0,2322.04248,28537.0983,13,7.75063302,10.25899526,0
1963,ID,0,2379.483887,29422.5421,13,7.77505906,10.28955038,0
1964,ID,0,2301.968506,35873.72903,13,7.741954224,10.4877884,0
1965,ID,0,2669.673828,39353.91619,13,7.89008609,10.58037618,0
1966,ID,0,2660.752686,39539.47345,13,7.886740089,10.58508007,0
1967,ID,0,3224.272705,39465.52275,13,8.078772785,10.58320807,0
1968,ID,0,3327.377197,38341.51417,13,8.110240136,10.55431459,0
1969,ID,0,3405.839355,42203.04457,13,8.133540265,10.65027134,0
1970,ID,0,3379.71167,39671.58078,13,8.12584152,10.58841557,0
1971,ID,1,3568.739014,39799.25807,13,8.180247767,10.59162868,1
1972,ID,1,3850.134033,39943.89527,13,8.256122938,10.59525617,1
1973,ID,1,3903.375244,41170.34651,13,8.269853061,10.62549782,1
1974,ID,1,3728.098389,40877.76031,13,8.223921765,10.6183659,1
1975,ID,1,4213.134277,41390.10973,13,8.346199458,10.6308214,1
1976,ID,1,4200.65332,42105.11789,13,8.343233375,10.64794833,1
1977,ID,1,4024.755127,42186.28067,13,8.300467781,10.64987405,1
1978,ID,1,4411.088379,42196.51351,13,8.392103412,10.65011658,1
1979,ID,1,4650.312012,40893.00967,13,8.444904612,10.61873887,1
1980,ID,1,4594.974609,39715.82994,13,8.432936114,10.5895303,1
1981,ID,1,4354.849121,39343.63472,13,8.379274846,10.5801149,1
1982,ID,1,4441.922852,38850.12236,13,8.399067739,10.56749225,1
1983,ID,1,4428.73291,39374.87169,13,8.39609457,10.58090851,1
1984,ID,1,4715.562012,42043.46279,13,8.458835426,10.64648298,1
1985,ID,1,4779.078125,42494.57555,13,8.472212169,10.65715524,1
1986,ID,1,4897.847168,42727.83505,13,8.496755185,10.66262927,1
1987,ID,1,4809.284668,42693.67621,13,8.478511544,10.66182951,1
1988,ID,1,4895.623047,42489.58372,13,8.496301072,10.65703777,1
1989,ID,1,5136.442871,41959.95335,13,8.544310739,10.64449478,1
1990,ID,1,5349.037109,41871.92493,13,8.584858776,10.64239471,1
1991,ID,1,5394.644531,42160.69628,13,8.593347339,10.64926742,1
1992,ID,1,5395.418457,41980.83028,13,8.593490764,10.64499219,1
1993,ID,1,5475.248535,41884.86046,13,8.608175572,10.64270359,1
1994,ID,1,5821.555176,43821.60581,13,8.669494478,10.68790508,1
1995,ID,1,6001.098633,44200.69699,13,8.699864459,10.69651846,1
1996,ID,1,6180.117188,44222.70357,13,8.729254309,10.6970162,1
1997,ID,1,6413.699707,44608.4156,13,8.766347465,10.70570023,1
1998,ID,1,6777.091797,45568.35293,13,8.821450895,10.72699068,1
1999,ID,1,6956.154297,46022.11759,13,8.847525804,10.73689911,1
2000,ID,1,7248.999023,46061.48165,13,8.888756613,10.73775405,1
1959,IL,0,2782.330078,37904.64277,14,7.93140336,10.54285527,0
1960,IL,0,3130.316162,41275.45611,14,8.049208694,10.62804755,0
1961,IL,0,3289.080811,44832.1716,14,8.098667406,10.71070358,0
1962,IL,0,3312.061279,46718.88656,14,8.105627899,10.75192519,0
1963,IL,0,3301.496826,48409.76755,14,8.102434075,10.78747754,0
1964,IL,0,3554.26709,47894.94529,14,8.17618547,10.77678613,0
1965,IL,0,3730.303711,49308.34565,14,8.224512972,10.80586891,0
1966,IL,0,3596.897949,49802.91123,14,8.188105051,10.8158488,0
1967,IL,0,4208.012695,51595.70327,14,8.344983385,10.85121306,0
1968,IL,0,4206.077637,57020.39205,14,8.344523538,10.95118178,0
1969,IL,0,4846.442871,54959.61739,14,8.486206602,10.91437216,0
1970,IL,0,4692.204102,57509.46113,14,8.453870805,10.95972214,0
1971,IL,0,5234.799316,57512.94301,14,8.563274799,10.95978268,0
1972,IL,0,5792.589355,58426.4891,14,8.664507302,10.97554176,0
1973,IL,0,5760.111328,57907.61729,14,8.658885674,10.96662148,0
1974,IL,0,5351.897949,57561.47724,14,8.585393366,10.9606262,0
1975,IL,0,5272.027832,56074.43871,14,8.570360018,10.93445318,0
1976,IL,0,6284.033203,56165.70563,14,8.745926404,10.93607943,0
1977,IL,0,6472.041992,55838.16985,14,8.775401446,10.93023087,0
1978,IL,0,6768.744141,55682.87641,14,8.820218572,10.92744591,0
1979,IL,0,6731.573242,53405.69997,14,8.814712704,10.88569148,0
1980,IL,0,6368.313477,51339.74939,14,8.759246968,10.84624005,0
1981,IL,0,6144.827148,50423.94987,14,8.723528618,10.82824137,0
1982,IL,0,6138.915527,51080.46537,14,8.722566263,10.841177,0
1983,IL,0,6299.346191,52961.77487,14,8.748359862,10.87734458,0
1984,IL,1,6478.375488,53468.84149,14,8.776379409,10.88687306,1
1985,IL,1,6730.876953,54507.92114,14,8.814609277,10.90611966,1
1986,IL,1,7045.675781,56129.52516,14,8.860311264,10.93543506,1
1987,IL,1,7336.304688,57040.07203,14,8.900726845,10.95152685,1
1988,IL,1,7861.275391,57610.65177,14,8.969831333,10.96148011,1
1989,IL,1,7949.909668,57668.77794,14,8.981041625,10.96248854,1
1990,IL,1,8182.016602,57771.49439,14,9.009816139,10.96426807,1
1991,IL,1,8008.306641,58374.00877,14,8.988359475,10.97464315,1
1992,IL,1,8247.970703,60042.33221,14,9.017843708,11.00282178,1
1993,IL,1,8032.637695,59436.48216,14,8.991392717,10.99268032,1
1994,IL,1,8170.306641,60386.21107,14,9.008384107,11.00853262,1
1995,IL,1,7896.833984,58547.46602,14,8.974343822,10.97761017,1
1996,IL,1,8255.550781,58544.35537,14,9.018762198,10.97755704,1
1997,IL,1,8480.234375,59357.42455,14,9.045611281,10.99134934,1
1998,IL,1,9046.643555,60960.69855,14,9.110259622,11.01800105,1
1999,IL,1,9336.03125,60843.64252,14,9.141743627,11.01607905,1
2000,IL,1,9663.195312,60588.41822,14,9.17618313,11.01187554,1
1959,IN,0,2409.30542,40174.54593,15,7.787508749,10.60101378,0
1960,IN,0,2628.575928,42585.32679,15,7.874577868,10.65928851,0
1961,IN,0,2770.528076,45216.45791,15,7.927154099,10.71923853,0
1962,IN,0,2899.928467,46035.07552,15,7.972786126,10.73718062,0
1963,IN,0,2942.766846,46684.52745,15,7.98744528,10.75118949,0
1964,IN,0,3170.68042,45932.44129,15,8.062016827,10.7349487,0
1965,IN,0,3278.114258,48803.00952,15,8.095328622,10.79556775,0
1966,IN,0,3552.837891,49648.1184,15,8.175783394,10.81273591,0
1967,IN,0,3758.135498,51987.42062,15,8.231944289,10.85877629,0
1968,IN,0,3732.805664,50754.41491,15,8.225183278,10.83477359,0
1969,IN,0,3928.395508,54300.10198,15,8.276240878,10.9022998,0
1970,IN,0,3929.342285,52547.00103,15,8.276481797,10.86948234,0
1971,IN,0,4370.517578,51714.26864,15,8.3828655,10.85350835,0
1972,IN,0,4026.838867,53418.50432,15,8.30098525,10.88593121,0
1973,IN,1,4473.264648,50658.72889,15,8.406097293,10.83288657,1
1974,IN,1,4266.842285,48135.97332,15,8.358863659,10.78180584,1
1975,IN,1,4319.422363,45252.70027,15,8.371108446,10.72003972,1
1976,IN,1,4497.196777,45860.73958,15,8.411431879,10.73338649,1
1977,IN,1,4667.485352,45978.87192,15,8.448589962,10.73595901,1
1978,IN,1,4490.940918,44661.34908,15,8.410040163,10.70688612,1
1979,IN,1,5130.347656,45287.16856,15,8.543123605,10.7208011,1
1980,IN,1,4758.680664,44608.8583,15,8.467935858,10.70571015,1
1981,IN,1,4992.96875,44705.07753,15,8.515986213,10.70786473,1
1982,IN,1,5061.825195,45389.54272,15,8.529679945,10.72305905,1
1983,IN,1,5414.974121,47153.51606,15,8.597108036,10.76118506,1
1984,IN,1,5817.325684,47961.82574,15,8.668767816,10.77818153,1
1985,IN,1,5980.540039,49295.65312,15,8.696433345,10.80561147,1
1986,IN,1,6393.187012,50964.62202,15,8.763144577,10.83890661,1
1987,IN,1,6630.820312,51955.29781,15,8.799634602,10.85815822,1
1988,IN,1,7249.253418,53425.56187,15,8.888791701,10.88606331,1
1989,IN,1,7416.371094,54341.66542,15,8.911579973,10.90306493,1
1990,IN,1,7654.101074,54145.29142,15,8.943127512,10.89944476,1
1991,IN,1,7603.297852,54443.55728,15,8.936468873,10.90493817,1
1992,IN,1,7762.64209,54500.0109,15,8.957206845,10.90597453,1
1993,IN,1,7915.089355,53890.76728,15,8.976652595,10.894733,1
1994,IN,1,7962.126465,53728.29325,15,8.982576974,10.89171363,1
1995,IN,1,8043.273926,53905.90636,15,8.992715804,10.89501388,1
1996,IN,1,8561.788086,53985.88687,15,9.055181127,10.89649646,1
1997,IN,1,8583.294922,54004.52336,15,9.057689641,10.8968416,1
1998,IN,1,9059.293945,55066.49772,15,9.111656843,10.91631494,1
1999,IN,1,9413.563477,54775.7699,15,9.150013075,10.91102148,1
2000,IN,1,9662.317383,54844.50397,15,9.176092283,10.91227549,1
1959,KS,0,2400.753418,32439.5569,16,7.78395434,10.38716468,0
1960,KS,0,2680.121094,33593.67069,16,7.893990305,10.42212272,0
1961,KS,0,2841.14209,34941.61297,16,7.952313304,10.46146237,0
1962,KS,0,2861.846436,36333.0154,16,7.959571666,10.50050964,0
1963,KS,0,3050.543213,37573.85468,16,8.023402713,10.53409035,0
1964,KS,0,3090.226807,39299.31845,16,8.036323316,10.5789879,0
1965,KS,0,3350.670654,40046.15746,16,8.117214203,10.59781298,0
1966,KS,0,3438.187256,41053.75115,16,8.14299046,10.62266185,0
1967,KS,0,3815.003662,42481.74632,16,8.246958992,10.6568533,0
1968,KS,0,3696.788818,43880.63797,16,8.215490303,10.68925124,0
1969,KS,0,4156.995605,45274.84157,16,8.332788412,10.72052887,0
1970,KS,1,3950.986084,45151.08089,16,8.281973538,10.71779165,1
1971,KS,1,4314.162598,44440.35121,16,8.369890285,10.70192565,1
1972,KS,1,4812.842773,45217.92925,16,8.479250958,10.71927107,1
1973,KS,1,5126.511719,45001.05989,16,8.542375775,10.71446354,1
1974,KS,1,5729.036621,41886.21404,16,8.653477201,10.64273591,1
1975,KS,1,5595.842285,43408.54634,16,8.62995784,10.67843466,1
1976,KS,1,5496.188477,45101.95071,16,8.611992054,10.71670295,1
1977,KS,1,5614.468262,46583.38362,16,8.633280258,10.74902065,1
1978,KS,1,6244.789062,44407.17337,16,8.739662766,10.70117882,1
1979,KS,1,5895.447754,41118.27414,16,8.682105373,10.62423225,1
1980,KS,1,6106.343262,40226.5679,16,8.71724714,10.60230781,1
1981,KS,1,6112.488281,40089.67889,16,8.718252803,10.59889914,1
1982,KS,1,6282.333008,40812.62636,16,8.745655852,10.61677128,1
1983,KS,1,6534.838379,42496.83816,16,8.785055908,10.65720849,1
1984,KS,1,6810.925781,44326.85956,16,8.826430146,10.69936864,1
1985,KS,1,7030.771484,45889.0347,16,8.858193942,10.73400326,1
1986,KS,1,7109.283203,46673.13664,16,8.869297354,10.75094547,1
1987,KS,1,7147.42334,47310.09071,16,8.874647099,10.76450002,1
1988,KS,1,7398.373047,49206.37192,16,8.909150552,10.80379873,1
1989,KS,1,7543.607422,50546.78761,16,8.928588338,10.83067446,1
1990,KS,1,7398.32959,49613.16336,16,8.909144679,10.81203162,1
1991,KS,1,7291.429199,49200.28698,16,8.894591993,10.80367506,1
1992,KS,1,7655.408691,51076.08106,16,8.943298314,10.84109116,1
1993,KS,1,7667.785645,51185.06203,16,8.944913556,10.84322255,1
1994,KS,1,7683.726074,51403.53963,16,8.946990011,10.84748177,1
1995,KS,1,7688.797363,50111.38841,16,8.947649711,10.82202353,1
1996,KS,1,7655.437012,49669.23956,16,8.943302012,10.81316123,1
1997,KS,1,7780.940918,50011.58515,16,8.959561061,10.82002996,1
1998,KS,1,8046.507812,50039.16982,16,8.993117734,10.82058136,1
1999,KS,1,8237.581055,45785.21402,16,9.016583406,10.73173832,1
2000,KS,1,8784.494141,45461.25781,16,9.080857247,10.72463776,1
1959,KY,0,1567.327637,23912.75583,17,7.357765131,10.08220913,0
1960,KY,0,1838.966309,27395.1641,17,7.51750254,10.21815829,0
1961,KY,0,2060.397217,30967.6435,17,7.631139292,10.34073047,0
1962,KY,0,2056.515137,31279.86571,17,7.629254289,10.35076187,0
1963,KY,0,2076.487305,31482.72536,17,7.638914416,10.35722604,0
1964,KY,0,2131.383057,33060.10323,17,7.664995439,10.40611274,0
1965,KY,0,2440.892334,34127.4946,17,7.800528564,10.43788793,0
1966,KY,0,2556.537842,37688.68958,17,7.846800294,10.53714185,0
1967,KY,0,2854.742676,39824.59698,17,7.95708722,10.59226512,0
1968,KY,0,3093.579102,40885.5009,17,8.037407183,10.61855524,0
1969,KY,0,2982.652588,41834.6666,17,8.00090353,10.64150452,0
1970,KY,0,3165.733643,40407.80079,17,8.060455939,10.60680288,0
1971,KY,0,3402.165039,40079.23121,17,8.132461171,10.5986385,0
1972,KY,0,3430.892822,40820.29261,17,8.140867231,10.6169591,0
1973,KY,0,3555.894287,40487.69374,17,8.176643052,10.60877805,0
1974,KY,0,3531.50708,39320.84929,17,8.169763119,10.5795356,0
1975,KY,0,3709.598877,39598.64591,17,8.218948565,10.58657546,0
1976,KY,0,4052.815674,41963.32401,17,8.307413858,10.64457511,0
1977,KY,0,4269.413086,42099.92185,17,8.359465843,10.64782492,0
1978,KY,0,3440.942383,43912.1996,17,8.143791237,10.68997023,0
1979,KY,0,4677.281738,43491.05987,17,8.450686172,10.68033367,0
1980,KY,0,4332.060547,42036.64437,17,8.374029395,10.64632079,0
1981,KY,0,4217.61377,41476.21757,17,8.347261862,10.63289958,0
1982,KY,0,4282.007324,41746.99067,17,8.362410688,10.6394066,0
1983,KY,0,4579.138184,43041.97817,17,8.429484448,10.66995439,0
1984,KY,0,4509.67627,42456.90871,17,8.41420237,10.65626848,0
1985,KY,0,4516.717773,42452.01815,17,8.415762228,10.65615329,0
1986,KY,0,4900.27832,44699.49106,17,8.497251332,10.70773977,0
1987,KY,0,5202.141602,46594.11457,17,8.557017876,10.74925098,0
1988,KY,0,5546.678223,46602.78703,17,8.621134781,10.74943708,0
1989,KY,0,5950.157227,46234.90606,17,8.691340971,10.74151196,0
1990,KY,0,6502.447266,47683.69305,17,8.780087664,10.77236572,0
1991,KY,0,6715.07959,49422.82578,17,8.812259869,10.80818789,0
1992,KY,0,6698.435059,48359.31784,17,8.809778482,10.78643488,0
1993,KY,0,6798.562012,47723.32872,17,8.824613479,10.77319658,0
1994,KY,0,6687.141602,47461.75801,17,8.808091327,10.76770064,0
1995,KY,0,6877.347656,47331.31738,17,8.836133736,10.76494858,0
1996,KY,0,7164.136719,47181.53876,17,8.876982422,10.76177916,0
1997,KY,0,7082.464355,47025.37276,17,8.865518383,10.75846385,0
1998,KY,0,7541.447266,47525.50587,17,8.928301979,10.76904285,0
1999,KY,0,7749.59668,47616.30846,17,8.95552511,10.7709516,0
2000,KY,0,7697.218262,46332.46879,17,8.948744186,10.74361985,0
1959,LA,0,2490.585693,36102.87953,18,7.820674611,10.4941556,0
1960,LA,0,2507.627441,36555.29238,18,7.827491046,10.50660861,0
1961,LA,0,2568.868896,37260.77015,18,7.851610164,10.52572315,0
1962,LA,0,2626.562012,36967.45502,18,7.873811704,10.51782026,0
1963,LA,0,2779.66333,36560.04289,18,7.930444786,10.50673855,0
1964,LA,0,2719.734131,36401.28387,18,7.908657024,10.5023868,0
1965,LA,0,3093.027832,41804.45029,18,8.037229027,10.640782,0
1966,LA,0,3510.005371,42992.02662,18,8.163657706,10.66879321,0
1967,LA,0,3478.587402,47254.16934,18,8.154669003,10.76331733,0
1968,LA,0,3659.165771,43723.98854,18,8.205263718,10.68567504,0
1969,LA,0,3502.018311,41531.646,18,8.16138025,10.63423505,0
1970,LA,0,4141.97998,46870.80092,18,8.32917061,10.75517151,0
1971,LA,0,4299.224609,47643.88998,18,8.366422535,10.77153066,0
1972,LA,0,4423.644531,47549.77216,18,8.394945222,10.76955331,0
1973,LA,0,4400.594727,45781.93608,18,8.389722192,10.73166673,0
1974,LA,0,4132.421387,42018.90532,18,8.326860766,10.64589872,0
1975,LA,0,3922.948975,40903.73946,18,8.274853817,10.61900121,0
1976,LA,0,4336.698242,42507.50593,18,8.375099127,10.65745947,0
1977,LA,0,4846.146484,50142.08641,18,8.486145457,10.82263593,0
1978,LA,0,4776.797363,43527.59161,18,8.471734917,10.68117328,0
1979,LA,0,4892.713379,41358.55624,18,8.495706676,10.63005878,0
1980,LA,0,6016.078613,41944.0235,18,8.70235714,10.64411508,0
1981,LA,0,5696.765137,43011.48531,18,8.647829296,10.66924571,0
1982,LA,0,5500.77002,41046.4999,18,8.612825141,10.62248521,0
1983,LA,0,5337.55127,40283.43837,18,8.582709597,10.60372053,0
1984,LA,0,5742.342285,40903.86311,18,8.655796599,10.61900424,0
1985,LA,0,5999.170898,41144.89806,18,8.699543231,10.62487952,0
1986,LA,0,5655.507812,42170.75767,18,8.640561987,10.64950603,0
1987,LA,0,5540.604004,40710.82541,18,8.620039269,10.61427388,0
1988,LA,0,5783.393066,41942.13968,18,8.662918719,10.64407016,0
1989,LA,0,6294.507812,42731.94194,18,8.747591612,10.66272538,0
1990,LA,0,6428.276367,41928.64952,18,8.768617271,10.64374848,0
1991,LA,0,6427.203125,41566.72581,18,8.768450326,10.63507932,0
1992,LA,0,6232.390137,40568.05123,18,8.737675627,10.61076077,0
1993,LA,0,6237.42627,39665.06547,18,8.738483229,10.58825133,0
1994,LA,0,6409.496582,39100.00178,18,8.765692017,10.57390337,0
1995,LA,0,6362.730957,39390.30132,18,8.758370113,10.58130029,0
1996,LA,0,6565.26709,40338.2769,18,8.789700775,10.60508089,0
1997,LA,0,7046.749023,40880.40523,18,8.860463557,10.6184306,0
1998,LA,0,7422.008301,43490.80098,18,8.912339685,10.68032772,0
1999,LA,0,7596.627441,43335.02905,18,8.935591299,10.67673965,0
2000,LA,0,7644.367188,42566.50737,18,8.941855147,10.6588465,0
1959,MA,0,2824.434082,40331.87184,19,7.946417289,10.60492209,0
1960,MA,0,3143.718262,40741.07082,19,8.053479582,10.61501652,0
1961,MA,0,3123.276123,41411.83792,19,8.046957895,10.63134621,0
1962,MA,0,3349.302002,43909.0403,19,8.116805771,10.68989828,0
1963,MA,0,3532.404297,46205.62541,19,8.170017075,10.74087847,0
1964,MA,0,3385.749512,48886.74839,19,8.127625894,10.7972821,0
1965,MA,0,3506.994141,49149.13016,19,8.162799683,10.80263477,0
1966,MA,1,3631.805176,49230.85077,19,8.197760405,10.80429607,1
1967,MA,1,4398.506836,46581.72123,19,8.389247731,10.74898496,1
1968,MA,1,4382.113281,50754.41491,19,8.385514546,10.83477359,1
1969,MA,1,4697.82373,53355.39072,19,8.455067486,10.88474904,1
1970,MA,1,4514.431641,50580.00099,19,8.415256063,10.83133131,1
1971,MA,1,5152.883789,49533.70864,19,8.547505843,10.81042889,1
1972,MA,1,5248.763672,47993.18748,19,8.56593834,10.77883519,1
1973,MA,1,6293.154297,53998.32517,19,8.747376592,10.89672683,1
1974,MA,1,5281.626953,49188.65748,19,8.572178782,10.80343867,1
1975,MA,1,5783.30957,48231.71816,19,8.662904284,10.78379287,1
1976,MA,1,6810.844238,47234.60731,19,8.826418176,10.76290328,1
1977,MA,1,6920.946289,45881.71825,19,8.842452265,10.73384382,1
1978,MA,1,7580.681152,58657.73563,19,8.933490242,10.97949179,1
1979,MA,1,7652.141602,51059.94598,19,8.942871509,10.84077522,1
1980,MA,1,7237.41748,49286.21234,19,8.887157881,10.80541994,1
1981,MA,1,6434.584473,48574.43201,19,8.769597943,10.79087317,1
1982,MA,1,6942.269531,48816.2984,19,8.845528057,10.79584,1
1983,MA,1,7220.187988,50262.34663,19,8.88477476,10.8250314,1
1984,MA,1,7666.907715,51666.04937,19,8.944799069,10.85257551,1
1985,MA,1,8169.019531,54311.3465,19,9.008226578,10.90250686,1
1986,MA,1,8932.75,57542.11423,19,9.097591519,10.96028976,1
1987,MA,1,9531.162109,59120.8177,19,9.162426845,10.9873553,1
1988,MA,1,10110.43066,60377.36392,19,9.221421812,11.00838611,1
1989,MA,1,10139.70996,61041.61187,19,9.224313291,11.01932745,1
1990,MA,1,9812.140625,60525.97384,19,9.191477647,11.01084439,1
1991,MA,1,9528.49707,60589.79078,19,9.162147222,11.01189819,1
1992,MA,1,9544.646484,60263.03036,19,9.163840464,11.00649069,1
1993,MA,1,9692.041016,61647.22292,19,9.179163486,11.02919968,1
1994,MA,1,9980.506836,61912.01455,19,9.208489343,11.03348569,1
1995,MA,1,10063.24707,59247.13392,19,9.216744529,10.98948956,1
1996,MA,1,10188.75781,59273.98828,19,9.229138359,10.98994271,1
1997,MA,1,10567.81934,59683.4896,19,9.265663373,10.99682746,1
1998,MA,1,11049.625,60299.84172,19,9.310242266,11.00710134,1
1999,MA,1,11538.84668,60966.67532,19,9.353561254,11.01809909,1
2000,MA,1,12040.79102,61603.98683,19,9.396138463,11.0284981,1
1959,MD,0,2633.657715,40014.39948,20,7.876508553,10.59701965,0
1960,MD,0,2827.877686,41427.89268,20,7.947635334,10.63173381,0
1961,MD,0,2948.098389,43393.22564,20,7.989254772,10.67808166,0
1962,MD,0,3064.354736,44139.11683,20,8.027918579,10.69512433,0
1963,MD,0,3138.806885,44723.70181,20,8.051916575,10.70828124,0
1964,MD,0,3265.343018,47318.152,20,8.091426295,10.7646704,0
1965,MD,0,3518.531006,47612.35454,20,8.166083023,10.77086856,0
1966,MD,0,3752.108643,49183.73991,20,8.230339747,10.80333869,0
1967,MD,0,4257.803711,51295.38664,20,8.356743581,10.84537559,0
1968,MD,0,4554.796875,55234.58857,20,8.42415574,10.91936274,0
1969,MD,1,4807.946289,55749.84756,20,8.478233272,10.92864789,1
1970,MD,1,4954.998535,56711.42112,20,8.508353947,10.94574853,1
1971,MD,1,5328.835938,56333.82538,20,8.581075736,10.93906819,1
1972,MD,1,5035.786621,58212.60642,20,8.524523583,10.97187439,1
1973,MD,1,5704.42627,57662.05874,20,8.649172978,10.96237202,1
1974,MD,1,5353.163574,55845.33669,20,8.585629775,10.93035921,1
1975,MD,1,5524.426758,55563.74993,20,8.617115765,10.92530429,1
1976,MD,1,5733.727051,56292.17044,20,8.654295435,10.9383285,1
1977,MD,1,6843.855957,56910.45846,20,8.831252694,10.94925198,1
1978,MD,1,6034.331543,55487.228,20,8.705386069,10.92392617,1
1979,MD,1,6886.053223,52829.02293,20,8.837398584,10.87483492,1
1980,MD,1,6829.044434,51218.0191,20,8.829086458,10.84386621,1
1981,MD,1,6855.11084,50663.83545,20,8.832895627,10.83298737,1
1982,MD,1,6848.002441,50830.7743,20,8.831858292,10.83627692,1
1983,MD,1,7439.900879,52259.00401,20,8.914747206,10.86398662,1
1984,MD,1,7620.597168,54274.74623,20,8.938741229,10.90183274,1
1985,MD,1,7949.15918,54311.3465,20,8.98094723,10.90250686,1
1986,MD,1,8377.555664,57484.41693,20,9.033430823,10.95928658,1
1987,MD,1,8781.166016,59376.11214,20,9.080478355,10.99166411,1
1988,MD,1,9377.513672,61980.98789,20,9.146176572,11.0345991,1
1989,MD,1,9676.091797,63867.54729,20,9.177516701,11.0645823,1
1990,MD,1,9893.128906,62603.09493,20,9.19969682,11.04458597,1
1991,MD,1,9486.935547,62003.47252,20,9.157776328,11.0349618,1
1992,MD,1,9418.640625,60230.3919,20,9.150552217,11.00594896,1
1993,MD,1,9341.714844,59536.07867,20,9.142352157,10.99435457,1
1994,MD,1,9456.490234,59790.30903,20,9.154562324,10.9986156,1
1995,MD,1,9433.808594,58892.29212,20,9.152161171,10.98348248,1
1996,MD,1,9387.570312,57186.54326,20,9.147248304,10.95409138,1
1997,MD,1,9556.802734,56706.78744,20,9.16511314,10.94566682,1
1998,MD,1,9800.245117,56889.87396,20,9.190264709,10.94889022,1
1999,MD,1,10119.11719,57652.64307,20,9.222280523,10.96220872,1
2000,MD,1,10459.24219,58202.71838,20,9.255336891,10.97170452,1
1959,ME,0,1974.373047,26234.15966,21,7.588512544,10.17485576,0
1960,ME,0,2042.088379,28576.4064,21,7.622217853,10.2603717,0
1961,ME,0,2183.971924,30394.9335,21,7.689358258,10.32206411,0
1962,ME,0,2298.449951,32889.65139,21,7.740425222,10.40094374,0
1963,ME,0,2424.394531,35219.81965,21,7.793749483,10.46939265,0
1964,ME,0,2586.029297,36577.13548,21,7.858265507,10.50720595,0
1965,ME,0,2733.977539,38419.39048,21,7.913878502,10.5563436,0
1966,ME,0,2789.022461,39371.22037,21,7.933804925,10.58081578,0
1967,ME,0,3250.017334,40151.02811,21,8.086723252,10.60042823,0
1968,ME,0,3292.588867,42765.29404,21,8.09973309,10.66350555,0
1969,ME,0,3857.008789,45007.47045,21,8.257906472,10.71460598,0
1970,ME,1,4019.699951,45673.7409,21,8.299211284,10.72930071,1
1971,ME,1,4311.063477,47110.8642,21,8.369171833,10.76028014,1
1972,ME,1,4057.543213,46887.25751,21,8.308579374,10.75552255,1
1973,ME,1,4508.640625,45369.39772,21,8.413972745,10.72261514,1
1974,ME,1,4040.407471,43372.35637,21,8.304348294,10.67760062,1
1975,ME,1,4393.396484,43043.76864,21,8.388085482,10.66999598,1
1976,ME,1,4620.492188,41097.23166,21,8.438472916,10.62372037,1
1977,ME,1,4977.932617,42236.65664,21,8.512970813,10.65106744,1
1978,ME,1,4528.59668,41052.72278,21,8.418388181,10.6226368,1
1979,ME,1,5082.17041,37393.90161,21,8.533690442,10.52928965,1
1980,ME,1,4773.592773,36459.54471,21,8.471063966,10.50398599,1
1981,ME,1,4961.566406,36234.71754,21,8.509678307,10.49780058,1
1982,ME,1,5167.089355,36643.57641,21,8.550258335,10.50902071,1
1983,ME,1,5639.966309,37936.49022,21,8.637810661,10.54369509,1
1984,ME,1,6059.276855,38469.3592,21,8.709510764,10.55764333,1
1985,ME,1,6771.560059,39685.78725,21,8.820634442,10.5887736,1
1986,ME,1,7144.936035,42292.12095,21,8.874299087,10.65237973,1
1987,ME,1,7610.895996,44964.45307,21,8.937467565,10.71364976,1
1988,ME,1,7981.820801,46363.16506,21,8.985047112,10.74428214,1
1989,ME,1,8622.466797,47270.67206,21,9.062242463,10.7636665,1
1990,ME,1,8304.785156,47530.20298,21,9.024707558,10.76914168,1
1991,ME,1,8296.19043,48185.25388,21,9.023672234,10.78282907,1
1992,ME,1,8741.510742,47014.92414,21,9.075952698,10.75824163,1
1993,ME,1,8403.595703,46774.14378,21,9.036533943,10.75310722,1
1994,ME,1,8870.395508,46871.74142,21,9.090587392,10.75519158,1
1995,ME,1,8801.578125,47029.41569,21,9.082799926,10.75854981,1
1996,ME,1,8930.849609,46802.12965,21,9.097378776,10.75370535,1
1997,ME,1,9159.5,46666.70121,21,9.122656041,10.75080758,1
1998,ME,1,9571.429688,46696.0904,21,9.166642338,10.75143714,1
1999,ME,1,10035.61816,46544.35253,21,9.2139955,10.74818244,1
2000,ME,1,10424.71094,46058.94906,21,9.25203024,10.73769907,1
1959,MI,0,2789.622803,41310.74613,22,7.934020077,10.62890215,0
1960,MI,0,2879.19043,41329.28011,22,7.965611692,10.62935068,0
1961,MI,0,2993.808594,42204.13808,22,8.0046356,10.65029725,0
1962,MI,0,3073.536621,44286.29372,22,8.030909477,10.69845309,0
1963,MI,0,3141.97998,46176.09404,22,8.052926667,10.74023915,0
1964,MI,0,3299.589355,47128.23226,22,8.101856324,10.76064873,0
1965,MI,1,3329.768066,47418.52698,22,8.110958207,10.76678938,1
1966,MI,1,3607.212402,49129.89892,22,8.190967749,10.80224342,1
1967,MI,1,4427.17334,52228.97965,22,8.395742439,10.86341193,1
1968,MI,1,3835.879395,58198.39576,22,8.252414658,10.97163025,1
1969,MI,1,4937.983887,58364.14287,22,8.504914898,10.97447412,1
1970,MI,1,4842.475098,59572.00117,22,8.485387737,10.99495775,1
1971,MI,1,5493.1875,60840.31605,22,8.611445994,11.01602438,1
1972,MI,1,6083.594238,62195.51932,22,8.713515321,11.03805432,1
1973,MI,1,6187.000488,61610.64022,22,8.730367291,11.0286061,1
1974,MI,1,6152.087402,60480.6854,22,8.724709251,11.01009588,1
1975,MI,1,5255.034668,62984.94959,22,8.567132156,11.05066696,1
1976,MI,1,6266.205566,62347.15235,22,8.743085851,11.04048932,1
1977,MI,1,6511.970703,62264.70493,22,8.78155096,11.03916607,1
1978,MI,1,6127.912109,58848.36742,22,8.720772543,10.98273636,1
1979,MI,1,7495.257812,58436.60641,22,8.922159217,10.97571491,1
1980,MI,1,7379.38623,57901.2766,22,8.906581251,10.96651198,1
1981,MI,1,6946.766602,58301.79246,22,8.846175535,10.97340527,1
1982,MI,1,7220.874023,58081.98367,22,8.884869758,10.96962802,1
1983,MI,1,7208.221191,59339.25617,22,8.883116207,10.99104321,1
1984,MI,1,7478.799805,59687.32001,22,8.919961307,10.99689164,1
1985,MI,1,7820.133301,60932.06176,22,8.964584746,11.01753119,1
1986,MI,1,8006.755371,62726.91299,22,8.988165772,11.04656181,1
1987,MI,1,8349.689453,65359.21567,22,9.030099384,11.08766903,1
1988,MI,1,8725.18457,65547.66877,22,9.074083505,11.09054818,1
1989,MI,1,8950.607422,65191.70994,22,9.099588395,11.08510293,1
1990,MI,1,8998.541016,65535.25582,22,9.104928857,11.09035879,1
1991,MI,1,9199.237305,66425.43056,22,9.126984557,11.10385031,1
1992,MI,1,9239.339844,68231.47718,22,9.131333944,11.13067594,1
1993,MI,1,9262.337891,68187.39388,22,9.133819726,11.13002965,1
1994,MI,1,9512.933594,69760.26508,22,9.160512697,11.15283419,1
1995,MI,1,9708.591797,67007.86746,22,9.180869521,11.11258024,1
1996,MI,1,9634.556641,65571.06779,22,9.173215352,11.09090509,1
1997,MI,1,9577.891602,64533.70717,22,9.167317165,11.07495845,1
1998,MI,1,9942.522461,64489.72756,22,9.204676609,11.07427673,1
1999,MI,1,10614.36621,64191.70512,22,9.270057873,11.06964486,1
2000,MI,1,10482.57812,64193.56016,22,9.257565324,11.06967375,1
1959,MN,0,2938.005127,38680.58616,23,7.985826411,10.56311896,0
1960,MN,0,3105.708984,39501.60556,23,8.04131924,10.58412191,0
1961,MN,0,3254.802002,41012.75748,23,8.088193915,10.62166284,0
1962,MN,0,3417.213135,42553.22807,23,8.136873218,10.6585345,0
1963,MN,0,3536.866211,43919.39843,23,8.171279059,10.69013415,0
1964,MN,0,3495.734375,45461.15897,23,8.159584776,10.72463559,0
1965,MN,0,3712.631836,45971.74273,23,8.219765608,10.73580395,0
1966,MN,0,3968.689941,47676.19232,23,8.28644327,10.77220841,0
1967,MN,0,4337.789062,47972.31781,23,8.37535057,10.77840026,0
1968,MN,0,4588.318848,53361.0614,23,8.431486893,10.88485531,0
1969,MN,0,5079.047852,56991.63783,23,8.53307596,10.95067738,0
1970,MN,0,5470.98584,57706.16113,23,8.607396872,10.96313655,0
1971,MN,0,5757.352051,55273.15793,23,8.65840661,10.92006077,0
1972,MN,1,5941.222168,56235.49576,23,8.689838445,10.93732122,1
1973,MN,1,5968.343262,54759.55668,23,8.694392194,10.91072545,1
1974,MN,1,6066.629395,53359.58671,23,8.710723263,10.88482768,1
1975,MN,1,5910.02832,49694.88204,23,8.684575092,10.81367735,1
1976,MN,1,6399.672852,53437.1315,23,8.764158397,10.88627984,1
1977,MN,1,6734.424805,53510.08016,23,8.815136161,10.88764402,1
1978,MN,1,6279.438477,51851.84635,23,8.745195078,10.85616511,1
1979,MN,1,6897.452637,50309.06442,23,8.83905241,10.82596042,1
1980,MN,1,6666.740723,48502.90439,23,8.805036359,10.78939958,1
1981,MN,1,6655.878906,47754.02331,23,8.803406021,10.77383954,1
1982,MN,1,6557.783691,50002.61343,23,8.788560452,10.81985055,1
1983,MN,1,6995.405762,53309.87632,23,8.853151834,10.88389565,1
1984,MN,1,7362.32959,53412.17631,23,8.904267499,10.88581274,1
1985,MN,1,7580.702148,55446.21045,23,8.933493011,10.92318668,1
1986,MN,1,7885.098633,56382.19954,23,8.972856822,10.93992651,1
1987,MN,1,7931.535156,57116.85232,23,8.978727955,10.952872,1
1988,MN,1,8322.551758,57090.85641,23,9.026844337,10.95241677,1
1989,MN,1,8261.456055,56606.63419,23,9.019477165,10.94389913,1
1990,MN,1,8251.305664,55590.93434,23,9.018247915,10.9257934,1
1991,MN,1,8147.465332,55156.00165,23,9.005584886,10.91793897,1
1992,MN,1,8097.410645,54541.97464,23,8.999423105,10.9067442,1
1993,MN,1,8060.961426,54545.6898,23,8.994912159,10.90681231,1
1994,MN,1,8278.041016,55046.63455,23,9.021482421,10.91595417,1
1995,MN,1,8300.289062,52828.50364,23,9.02416609,10.87482509,1
1996,MN,1,8345.436523,52971.34967,23,9.029589963,10.87752535,1
1997,MN,1,8678.191406,51534.58064,23,9.068683647,10.85002773,1
1998,MN,1,9116.014648,52785.6052,23,9.117897688,10.87401275,1
1999,MN,1,9410.603516,52095.22565,23,9.149698624,10.86084778,1
2000,MN,1,9680.483398,53452.84573,23,9.177970412,10.88657386,1
1959,MO,0,2213.577393,33195.46623,24,7.702816871,10.41019871,0
1960,MO,0,2385.792725,34790.86754,24,7.777705787,10.45713895,0
1961,MO,0,2534.895752,36601.74752,24,7.838302207,10.50787859,0
1962,MO,0,2657.660645,37805.91246,24,7.885577758,10.54024723,0
1963,MO,0,2748.422363,38858.9843,24,7.919146119,10.56772032,0
1964,MO,0,2662.867432,39812.80516,24,7.887534268,10.59196899,0
1965,MO,0,2867.032227,40544.57117,24,7.961381438,10.61018183,0
1966,MO,0,2973.102295,39539.47345,24,7.997697523,10.58508007,0
1967,MO,0,3325.046387,43239.06653,24,8.109539606,10.67452281,0
1968,MO,0,3332.570068,44538.56557,24,8.111799101,10.70413319,0
1969,MO,0,3540.996094,46492.86552,24,8.172445716,10.74707566,0
1970,MO,0,3706.378662,47056.26093,24,8.218080346,10.75912046,0
1971,MO,0,4193.927246,47406.98963,24,8.341631276,10.76654605,0
1972,MO,0,3992.54541,47335.88948,24,8.292434689,10.76504517,0
1973,MO,0,4406.913086,46985.17298,24,8.391156633,10.75760865,0
1974,MO,0,4184.331055,44363.11793,24,8.339341085,10.70018627,0
1975,MO,0,4316.912109,42516.86752,24,8.370527256,10.65767968,0
1976,MO,0,4463.415527,44423.63944,24,8.403893584,10.70154954,0
1977,MO,0,4575.335449,43708.35476,24,8.428653837,10.68531743,0
1978,MO,0,5001.219238,43209.87196,24,8.517636941,10.67384741,0
1979,MO,0,5178.256348,41589.82776,24,8.552416763,10.63563494,0
1980,MO,0,5148.382812,40038.67984,24,8.546632144,10.59762624,0
1981,MO,0,5027.285156,39372.42099,24,8.522834282,10.58084627,0
1982,MO,0,4989.62207,40314.37405,24,8.515315844,10.60448817,0
1983,MO,0,5409.449707,42185.9551,24,8.596087494,10.64986633,0
1984,MO,0,5569.480957,42922.82239,24,8.625236677,10.66718225,0
1985,MO,0,5805.011719,44472.4813,24,8.666649163,10.70264836,0
1986,MO,0,6252.053711,46625.38715,24,8.740825217,10.74992191,0
1987,MO,0,6574.739258,47419.50261,24,8.791142285,10.76680996,0
1988,MO,0,7076.172852,47738.22653,24,8.864629792,10.7735087,0
1989,MO,0,7158.132812,47645.236,24,8.876144137,10.77155891,0
1990,MO,0,7126.154785,46705.19384,24,8.871667385,10.75163207,0
1991,MO,0,6859.344727,46260.85361,24,8.833512971,10.742073,0
1992,MO,0,6710.587402,45665.8678,24,8.811590775,10.72912832,0
1993,MO,0,6861.739746,45738.94367,24,8.833862021,10.73072724,0
1994,MO,0,7160.04834,45931.54043,24,8.876411665,10.73492909,0
1995,MO,0,7285.571289,46246.76059,24,8.893788384,10.74176832,0
1996,MO,0,7370.743164,46078.05584,24,8.905409479,10.73811381,0
1997,MO,0,7560.869629,46119.18365,24,8.930873744,10.73900596,0
1998,MO,0,7832.417969,46482.04771,24,8.966154216,10.74684296,0
1999,MO,0,8097.815918,46668.69418,24,8.999473147,10.75085029,0
2000,MO,0,8429.769531,46500.88603,24,9.039643332,10.74724815,0
1959,MS,0,1323.19104,23836.29302,25,7.188557016,10.07900657,0
1960,MS,0,1382.080322,24893.31211,25,7.232068408,10.12239463,0
1961,MS,0,1524.029785,25788.68674,25,7.32976922,10.15772995,0
1962,MS,0,1585.461426,26613.61918,25,7.369261297,10.18921594,0
1963,MS,0,1633.690308,27332.7094,25,7.399208651,10.215876,0
1964,MS,0,1769.288696,28860.76671,25,7.478897918,10.27027305,0
1965,MS,0,2008.99646,29004.90921,25,7.60588824,10.27525485,0
1966,MS,0,2086.967773,31295.0726,25,7.643946515,10.35124789,0
1967,MS,0,2230.501709,30103.47815,25,7.71043005,10.31242922,0
1968,MS,0,2685.315674,36167.2201,25,7.895925896,10.49593611,0
1969,MS,0,2713.806885,34877.07611,25,7.906476101,10.45961372,0
1970,MS,0,2760.598389,33764.96066,25,7.923564917,10.42720849,0
1971,MS,0,3348.099365,35104.32395,25,8.116446742,10.46610808,0
1972,MS,0,3358.485352,36120.09023,25,8.119543072,10.49463219,0
1973,MS,0,3564.218994,37349.45547,25,8.17898076,10.52810039,0
1974,MS,0,3418.753906,35636.45475,25,8.13732387,10.48115246,0
1975,MS,0,3783.374023,37750.4389,25,8.238635769,10.53877887,0
1976,MS,0,3862.244141,36011.8133,25,8.25926256,10.49163008,0
1977,MS,0,4123.141602,37781.98115,25,8.324613181,10.53961405,0
1978,MS,0,3777.380859,37126.37683,25,8.237050853,10.5221099,0
1979,MS,0,4710.655762,35741.96218,25,8.457794667,10.48410867,0
1980,MS,0,3976.618896,34448.34863,25,8.288438652,10.44724537,0
1981,MS,0,3833.408447,33907.82737,25,8.251770451,10.43143065,0
1982,MS,0,4196.851074,33834.83436,25,8.342328024,10.42927571,0
1983,MS,0,4599.169922,34617.48519,25,8.433848521,10.45214307,0
1984,MS,0,4609.92334,33417.76359,25,8.436183407,10.41687281,0
1985,MS,0,4551.602051,37434.29823,25,8.423454228,10.53036934,0
1986,MS,0,4438.997559,38693.00317,25,8.398409106,10.56343991,0
1987,MS,0,4638.103027,39829.77166,25,8.442276313,10.59239505,0
1988,MS,0,5001.907715,41511.74175,25,8.517774565,10.63375569,0
1989,MS,0,5158.727051,42717.87381,25,8.54863896,10.66239611,0
1990,MS,0,5016.072754,40590.61649,25,8.520601926,10.61131683,0
1991,MS,0,4878.941406,39011.53209,25,8.492888492,10.57163821,0
1992,MS,0,4910.333008,37871.49278,25,8.499300672,10.54198034,0
1993,MS,0,5146.544922,37956.83438,25,8.546275166,10.5442312,0
1994,MS,0,5587.760742,39594.37976,25,8.62851285,10.58646772,0
1995,MS,0,5653.258789,39622.09314,25,8.640164308,10.58716739,0
1996,MS,0,5613.729492,38524.61794,25,8.63314869,10.5590787,0
1997,MS,0,5825.8125,38981.07634,25,8.670225389,10.57085724,0
1998,MS,0,6106.445801,39504.25571,25,8.717263929,10.584189,0
1999,MS,0,6562.0625,41696.33696,25,8.789212618,10.63819254,0
2000,MS,0,6553.01123,40463.19133,25,8.787832543,10.6081727,0
1959,MT,0,2794.741943,32955.67957,26,7.935852804,10.40294924,0
1960,MT,0,2960.422607,34173.44292,26,7.993425042,10.43923336,0
1961,MT,0,3094.243408,35816.78992,26,8.037621828,10.48619997,0
1962,MT,0,3125.807861,37270.73588,26,8.047767911,10.52599057,0
1963,MT,0,3200.628662,38569.6237,26,8.071414916,10.56024622,0
1964,MT,0,3710.1521,39390.76129,26,8.219097646,10.58131197,0
1965,MT,0,3673.633545,40149.99365,26,8.209208691,10.60040247,0
1966,MT,0,4206.727539,40380.73884,26,8.344678004,10.60613295,0
1967,MT,0,3998.242432,41456.7526,26,8.29386023,10.63243018,0
1968,MT,0,4442.849121,42608.64461,26,8.399276199,10.65983591,0
1969,MT,0,4323.201172,45453.08897,26,8.371982702,10.72445806,0
1970,MT,0,4516.048828,45932.2609,26,8.415614145,10.73494477,0
1971,MT,0,4467.565918,45956.88428,26,8.404822812,10.7354807,0
1972,MT,0,4991.491211,46503.47291,26,8.515690305,10.74730378,0
1973,MT,0,5334.105957,45723.00203,26,8.582064024,10.73037865,0
1974,MT,0,5189.736328,43416.5868,26,8.55463084,10.67861986,0
1975,MT,1,5985.679199,44583.94115,26,8.697292147,10.70515144,1
1976,MT,1,6114.028809,45013.80856,26,8.718504759,10.71474679,1
1977,MT,1,6318.727539,45583.06069,26,8.751431375,10.72731339,1
1978,MT,1,6716.269531,45283.41071,26,8.812437031,10.72071812,1
1979,MT,1,6798.750977,43671.27144,26,8.824641269,10.68446866,1
1980,MT,1,6481.229492,42751.14824,26,8.776819788,10.66317472,1
1981,MT,1,6535.578613,42627.66837,26,8.78516916,10.66028227,1
1982,MT,1,6771.733887,43453.02466,26,8.820660108,10.67945875,1
1983,MT,1,7157.180664,45296.97499,26,8.87601113,10.72101761,1
1984,MT,1,7315.625,45552.50636,26,8.897904435,10.72664288,1
1985,MT,1,7479.581055,45560.73477,26,8.920065749,10.72682349,1
1986,MT,1,7576.145996,46436.37875,26,8.93289189,10.74585999,1
1987,MT,1,7443.435547,45634.36104,26,8.915222126,10.72843816,1
1988,MT,1,7175.446777,45025.89013,26,8.878559662,10.71501515,1
1989,MT,1,7455.89209,44105.34303,26,8.916893996,10.69435888,1
1990,MT,1,7852.085449,43937.36742,26,8.968661784,10.69054319,1
1991,MT,1,7725.602051,44171.55048,26,8.952424465,10.69585885,1
1992,MT,1,7626.374512,42922.68297,26,8.939498964,10.667179,1
1993,MT,1,7609.714355,42554.87336,26,8.937312317,10.65857316,1
1994,MT,1,7558.726074,42353.18549,26,8.930590235,10.65382253,1
1995,MT,1,7509.786621,42014.41365,26,8.924095482,10.64579182,1
1996,MT,1,7616.787598,41634.93883,26,8.938241265,10.63671899,1
1997,MT,1,7776.58252,41600.46555,26,8.959000839,10.63589068,1
1998,MT,1,7991.204102,41947.01801,26,8.986221858,10.64418646,1
1999,MT,1,8263.821289,42041.87587,26,9.019763387,10.64644523,1
2000,MT,1,8517.682617,42103.04339,26,9.050016985,10.64789906,1
1959,NC,0,1613.74707,30482.8796,27,7.386933611,10.32495329,0
1960,NC,0,1839.282593,33133.56998,27,7.517674422,10.40833243,0
1961,NC,0,2022.565918,36344.54495,27,7.61261654,10.50082692,0
1962,NC,0,2076.55249,36007.77139,27,7.638945792,10.49151784,0
1963,NC,0,2097.227051,35561.03115,27,7.648848006,10.47903381,0
1964,NC,0,2109.166992,35325.072,27,7.654522367,10.47237655,0
1965,NC,0,2454.802002,36944.91657,27,7.806208668,10.51721041,0
1966,NC,0,2597.825684,37715.61008,27,7.862814962,10.53785586,0
1967,NC,0,2917.312988,39922.52632,27,7.978760985,10.59472106,0
1968,NC,0,2961.935547,42934.47542,27,7.993935795,10.6674537,0
1969,NC,0,3388.733398,44229.12344,27,8.128506554,10.69716136,0
1970,NC,0,3363.391357,45904.1609,27,8.121002351,10.73433283,0
1971,NC,0,3675.328369,43950.39822,27,8.209669807,10.69083972,0
1972,NC,0,3854.705566,47346.32278,27,8.257309296,10.76526556,0
1973,NC,0,4258.70166,47245.46504,27,8.356954404,10.76313312,0
1974,NC,0,4386.723145,48330.5872,27,8.386565726,10.78584061,0
1975,NC,0,4178.211914,45252.70027,27,8.33787797,10.72003972,0
1976,NC,0,4258.85791,46117.50147,27,8.356991084,10.73896948,0
1977,NC,0,4463.536133,46572.58876,27,8.403920598,10.74878889,0
1978,NC,0,4674.349609,45273.37746,27,8.450059222,10.72049653,0
1979,NC,0,4912.137207,43145.65435,27,8.499667959,10.67236016,0
1980,NC,0,4949.734863,41430.63923,27,8.507291302,10.6318001,0
1981,NC,0,4740.061035,40653.41001,27,8.464016237,10.6128626,0
1982,NC,0,4545.449707,39835.32875,27,8.422101923,10.59253456,0
1983,NC,0,4728.839355,40088.58913,27,8.461646518,10.59887196,0
1984,NC,0,5156.105469,43678.35809,27,8.548130745,10.68463091,0
1985,NC,0,5581.936035,45272.9657,27,8.627470088,10.72048744,0
1986,NC,0,5854.276855,47301.83825,27,8.67509856,10.76432558,0
1987,NC,0,6052.40332,48127.80072,27,8.708375925,10.78163604,0
1988,NC,0,6624.810547,48805.46593,27,8.79872799,10.79561808,0
1989,NC,0,6977.925293,49032.70523,27,8.850650214,10.8002632,0
1990,NC,0,7069.363281,47276.61068,27,8.863667141,10.76379212,0
1991,NC,0,6797.294434,46094.34976,27,8.824427041,10.73846735,0
1992,NC,0,6878.792969,45561.73557,27,8.836343839,10.72684546,0
1993,NC,0,6851.761719,44860.68352,27,8.832407021,10.71133934,0
1994,NC,0,6920.012207,45728.49233,27,8.842317311,10.73049872,0
1995,NC,0,6752.000977,43512.4756,27,8.817742274,10.68082595,0
1996,NC,0,6850.574707,43315.1792,27,8.832233789,10.6762815,0
1997,NC,0,7141.699707,45009.20389,27,8.873846094,10.7146445,0
1998,NC,0,7567.063965,48290.70852,27,8.931692563,10.78501516,0
1999,NC,0,7912.390625,51593.93247,27,8.976311619,10.85117874,0
2000,NC,0,8028.541016,52109.30671,27,8.990882647,10.86111803,0
1959,ND,0,2534.230957,26580.35165,28,7.838040019,10.18796518,0
1960,ND,0,2630.508545,27888.77273,28,7.875312552,10.23601533,0
1961,ND,0,2755.456055,29348.73359,28,7.921701095,10.28703875,0
1962,ND,0,2803.0271,31372.33685,28,7.938811913,10.35371367,0
1963,ND,0,2834.374756,33247.12619,28,7.949929396,10.41175369,0
1964,ND,0,2796.911133,33763.50968,28,7.936628394,10.42716552,0
1965,ND,0,2952.712158,35442.75302,28,7.990818017,10.4757023,0
1966,ND,0,3089.722656,35535.05018,28,8.036160212,10.47830296,0
1967,ND,0,3592.98584,36886.71688,28,8.187017127,10.5156339,0
1968,ND,0,3491.263672,37909.16175,28,8.158305422,10.54297448,0
1969,ND,1,3935.871826,40165.08254,28,8.278141734,10.6007782,1
1970,ND,1,3727.221436,39677.20078,28,8.223686572,10.58855722,1
1971,ND,1,4305.295898,39766.95348,28,8.367833393,10.59081668,1
1972,ND,1,4303.501953,42260.08824,28,8.36741672,10.65162204,1
1973,ND,1,4738.661133,41892.28865,28,8.463720921,10.64288092,1
1974,ND,1,4397.481934,39095.27411,28,8.389014745,10.57378245,1
1975,ND,1,4721.825684,40076.91001,28,8.460162561,10.59858059,1
1976,ND,1,5112.915039,38564.10315,28,8.539720542,10.56010308,1
1977,ND,1,5242.73291,40764.95852,28,8.564788911,10.61560266,1
1978,ND,1,5172.895996,40333.67305,28,8.551381261,10.60496675,1
1979,ND,1,5831.135742,39835.76844,28,8.671138549,10.59254559,1
1980,ND,1,5755.094238,40606.31347,28,8.65801444,10.61170346,1
1981,ND,1,6270.003418,41802.46196,28,8.743691656,10.64073444,1
1982,ND,1,6152.645996,41448.71718,28,8.72480003,10.63223634,1
1983,ND,1,6312.472656,42166.25125,28,8.750441146,10.64939916,1
1984,ND,1,6458.92041,42163.08927,28,8.773372276,10.64932417,1
1985,ND,1,6485.723145,42184.5145,28,8.777512774,10.64983218,1
1986,ND,1,6284.326172,42345.83913,28,8.745973017,10.65364906,1
1987,ND,1,6216.848633,41576.52309,28,8.735179247,10.63531499,1
1988,ND,1,6699.319336,41174.42775,28,8.809910466,10.62559694,1
1989,ND,1,6856.848633,40474.00723,28,8.833149061,10.60843996,1
1990,ND,1,6521.703125,39632.97191,28,8.783044159,10.58744191,1
1991,ND,1,6644.584961,39216.45991,28,8.801707998,10.57687733,1
1992,ND,1,6690.166504,39183.24801,28,8.808543503,10.57603011,1
1993,ND,1,6617.196777,38489.52482,28,8.797578222,10.55816738,1
1994,ND,1,6594.441406,38736.5751,28,8.794133993,10.56456534,1
1995,ND,1,6692.063965,38587.61483,28,8.80882704,10.56071256,1
1996,ND,1,6681.432129,38512.10995,28,8.807237291,10.55875398,1
1997,ND,1,6868.447754,38353.40112,28,8.834838997,10.55462456,1
1998,ND,1,7280.07373,38763.13286,28,8.893033621,10.56525069,1
1999,ND,1,7417.142578,39086.47113,28,8.911683978,10.57355726,1
2000,ND,1,7755.57373,39117.11972,28,8.956295986,10.57434106,1
1959,NE,0,2324.218506,28489.65296,29,7.751569295,10.25733135,0
1960,NE,0,2470.479736,29207.38641,29,7.812572334,10.28221115,0
1961,NE,0,2557.174072,30972.2224,29,7.84704903,10.34087832,0
1962,NE,0,2639.827148,32046.85594,29,7.878847461,10.37498556,0
1963,NE,0,2702.256836,32992.17961,29,7.902212561,10.40405614,0
1964,NE,0,2743.906494,34417.67768,29,7.917502289,10.44635465,0
1965,NE,0,2823.293945,36169.60635,29,7.946013681,10.49600209,0
1966,NE,0,2959.557861,37816.56192,29,7.993132996,10.54052887,0
1967,NE,0,3559.557373,39615.68106,29,8.177672377,10.58700555,0
1968,NE,0,3038.44165,41261.45953,29,8.01942911,10.6277084,0
1969,NE,0,4157.652344,44716.33302,29,8.332946345,10.70811647,0
1970,NE,0,3645.80249,45634.4009,29,8.201606033,10.72843903,0
1971,NE,0,4669.728516,41355.26262,29,8.449070338,10.62997914,0
1972,NE,0,4745.825684,46078.67663,29,8.465231396,10.73812728,0
1973,NE,0,5140.583984,45055.08278,29,8.545116479,10.71566328,0
1974,NE,0,5012.912109,42766.39953,29,8.51997175,10.6635314,0
1975,NE,0,4918.325195,40599.75805,29,8.500926645,10.61154202,0
1976,NE,0,5547.922363,42814.08729,29,8.621359019,10.66464583,0
1977,NE,0,5112.160645,42430.96397,29,8.539573013,10.65565722,0
1978,NE,0,5473.384277,43263.38264,29,8.607835088,10.675085,0
1979,NE,0,6080.643555,40604.67116,29,8.71303026,10.61166302,0
1980,NE,0,5935.792969,39812.42028,29,8.688924362,10.59195933,0
1981,NE,0,6138.759277,39749.04136,29,8.722540815,10.59036616,0
1982,NE,0,6377.175781,39944.92166,29,8.760637408,10.59528186,0
1983,NE,0,6668.152832,41126.32553,29,8.805248119,10.62442803,0
1984,NE,0,6874.716309,41655.20139,29,8.835751107,10.63720553,0
1985,NE,0,6952.748047,42433.77926,29,8.847036081,10.65572357,0
1986,NE,0,7061.497559,43366.48447,29,8.86255403,10.67746523,0
1987,NE,1,7125.552246,44139.06503,29,8.871582841,10.69512315,1
1988,NE,1,7559.562988,44714.38157,29,8.930700936,10.70807283,1
1989,NE,1,8007.324219,44880.84865,29,8.988236807,10.71178873,1
1990,NE,1,7898.939453,44005.77061,29,8.974610374,10.69209878,1
1991,NE,1,7910.668945,43596.79199,29,8.97609403,10.68276179,1
1992,NE,1,7869.950684,44711.58141,29,8.970934133,10.7080102,1
1993,NE,1,8013.552734,44613.20127,29,8.98901426,10.7058075,1
1994,NE,1,8173.870117,45350.35203,29,9.008820108,10.72219527,1
1995,NE,1,8138.666992,45064.90847,29,9.004504548,10.71588133,1
1996,NE,1,8127.569336,44150.43517,29,9.003140214,10.69538071,1
1997,NE,1,8094.478516,44382.88728,29,8.999060977,10.70063178,1
1998,NE,1,8368.787109,43985.77472,29,9.032383728,10.69164429,1
1999,NE,1,8747.342773,43502.56306,29,9.076619564,10.68059812,1
2000,NE,1,9146.776367,43275.63259,29,9.121266109,10.67536811,1
1959,NH,0,2349.743164,32779.67764,30,7.762486797,10.39759452,0
1960,NH,0,2541.127441,33694.40037,30,7.840756585,10.42511662,0
1961,NH,0,2642.327881,34810.03037,30,7.879793963,10.45768958,0
1962,NH,0,2771.311523,36275.71559,30,7.927436736,10.49893137,0
1963,NH,0,2889.414795,37589.32579,30,7.969155298,10.534502,0
1964,NH,0,2894.418945,38230.14065,30,7.970885093,10.55140566,0
1965,NH,0,3099.847656,39111.63175,30,8.039430791,10.57420076,0
1966,NH,0,3290.112305,40717.245,30,8.098980873,10.61443155,0
1967,NH,0,3524.306885,41293.53704,30,8.167722771,10.6284855,0
1968,NH,0,3595.026367,44225.26672,30,8.187584728,10.69707416,0
1969,NH,0,3957.591797,45839.29169,30,8.283643634,10.73291871,0
1970,NH,0,3738.087891,46629.14092,30,8.226596981,10.75000241,0
1971,NH,0,4281.700684,46760.89778,30,8.36233909,10.752824,0
1972,NH,0,4402.222168,47184.6066,30,8.390091863,10.76184418,0
1973,NH,0,4558.41748,44824.25774,30,8.424950149,10.71052705,0
1974,NH,0,4476.134766,42567.36261,30,8.40673856,10.65886659,0
1975,NH,0,4410.649902,42557.39837,30,8.392004026,10.65863249,0
1976,NH,1,4441.010742,39280.73708,30,8.398862423,10.57851498,1
1977,NH,1,4491.167969,39904.96866,30,8.410090708,10.59428118,1
1978,NH,1,5001.581055,39102.92747,30,8.517709269,10.57397819,1
1979,NH,1,5202.359863,40073.04701,30,8.557059823,10.5984842,1
1980,NH,1,5388.420898,37360.61348,30,8.592193218,10.52839908,1
1981,NH,1,5447.448242,35728.55896,30,8.603086121,10.48373361,1
1982,NH,1,5674.713379,36459.41513,30,8.64395154,10.50398243,1
1983,NH,1,5937.409668,38041.57745,30,8.689196644,10.54646127,1
1984,NH,1,6260.524414,38987.74064,30,8.742178951,10.57102818,1
1985,NH,1,6579.195312,41063.83634,30,8.791819707,10.62290747,1
1986,NH,1,7168.120605,43509.73294,30,8.877538277,10.68076292,1
1987,NH,1,7832.09082,46104.64027,30,8.966112452,10.73869057,1
1988,NH,1,7977.791504,48850.62545,30,8.984542238,10.79654293,1
1989,NH,1,8415.582031,50972.34852,30,9.03795909,10.8390582,1
1990,NH,1,8594.746094,51849.61382,30,9.05902272,10.85612205,1
1991,NH,1,8384.007812,53105.12248,30,9.034200606,10.8800475,1
1992,NH,1,8343.261719,52735.97987,30,9.029329362,10.87307219,1
1993,NH,1,8199.158203,51489.88772,30,9.011908726,10.84916013,1
1994,NH,1,8191.288574,51459.45142,30,9.010948573,10.84856886,1
1995,NH,1,8212.859375,51211.68415,30,9.013578174,10.84374252,1
1996,NH,1,8227.304688,50072.27489,30,9.015335281,10.82124271,1
1997,NH,1,8363.75,49810.5117,30,9.031781727,10.81600139,1
1998,NH,1,8606.032227,50039.16982,30,9.060334849,10.82058136,1
1999,NH,1,8978.597656,49388.50422,30,9.102710356,10.80749322,1
2000,NH,1,9225.889648,48500.36588,30,9.129877288,10.78934724,1
1959,NJ,0,3275.23877,43004.23944,31,8.094451327,10.66907723,0
1960,NJ,0,3511.747803,43257.45482,31,8.16415386,10.67494798,0
1961,NJ,0,3610.080078,44281.8833,31,8.191762197,10.6983535,0
1962,NJ,0,3731.370605,45251.07783,31,8.224798862,10.72000387,0
1963,NJ,0,3833.166016,46050.22408,31,8.251707224,10.73750962,0
1964,NJ,0,3956.799561,47114.16413,31,8.283443483,10.76035018,0
1965,NJ,0,4236.344238,48235.37168,31,8.351691993,10.78386861,0
1966,NJ,0,4644.089355,49506.78582,31,8.443565888,10.80988523,0
1967,NJ,0,4816.620117,51217.04317,31,8.480035333,10.84384715,0
1968,NJ,1,4931.742188,52790.85748,31,8.503650337,10.87411224,1
1969,NJ,1,5488.871094,54216.91985,31,8.610660054,10.90076676,1
1970,NJ,1,5802.024414,56081.9811,31,8.666134511,10.93458768,1
1971,NJ,1,6284.938477,51148.93827,31,8.74607043,10.84251656,1
1972,NJ,1,6303.166016,53731.50337,31,8.748965966,10.89177337,1
1973,NJ,1,7034.768066,54513.99813,31,8.858762141,10.90623114,1
1974,NJ,1,6920.212891,54126.98461,31,8.842346306,10.89910661,1
1975,NJ,1,6885.797363,54210.01936,31,8.837361432,10.90063948,1
1976,NJ,1,7288.558594,55567.87197,31,8.894198274,10.92537847,1
1977,NJ,1,7341.638672,55503.52945,31,8.901453549,10.92421991,1
1978,NJ,1,7770.055664,54597.61298,31,8.958161298,10.90776376,1
1979,NJ,1,8486.063477,51285.21044,31,9.046298339,10.84517719,1
1980,NJ,1,7749.677246,48936.89934,31,8.955535505,10.79830741,1
1981,NJ,1,8163.330566,47761.21988,31,9.007530014,10.77399023,1
1982,NJ,1,8365.776367,48779.01422,31,9.032023948,10.79507596,1
1983,NJ,1,8899.977539,50932.27773,31,9.093916386,10.83827178,1
1984,NJ,1,8730.572266,52110.97594,31,9.074700732,10.86115007,1
1985,NJ,1,10413.99316,55061.16732,31,9.251001697,10.91621814,1
1986,NJ,1,10957.68945,57136.24357,31,9.301887978,10.95321143,1
1987,NJ,1,11629.38379,59097.78361,31,9.361376245,10.98696562,1
1988,NJ,1,12464.53613,61254.74899,31,9.430723006,11.02281299,1
1989,NJ,1,13269.00293,62736.82142,31,9.493261348,11.04671976,1
1990,NJ,1,13623.24219,63984.50558,31,9.519605999,11.06641186,1
1991,NJ,1,13936.87207,65684.16823,31,9.542365023,11.09262843,1
1992,NJ,1,13631.08887,66333.78387,31,9.520181768,11.10246968,1
1993,NJ,1,13694.50098,67443.43812,31,9.524822662,11.1190594,1
1994,NJ,1,13504.31934,68861.26225,31,9.510838912,11.13986359,1
1995,NJ,1,13393.69727,69753.59896,31,9.502614181,11.15273863,1
1996,NJ,1,13324.60254,69191.43683,31,9.497442467,11.14464684,1
1997,NJ,1,13101.18359,68530.7212,31,9.480534182,11.135052,1
1998,NJ,1,13572.29297,68484.29944,31,9.515859389,11.13437439,1
1999,NJ,1,13530.2959,68288.43534,31,9.512760496,11.13151035,1
2000,NJ,1,14243.74023,67469.4654,31,9.564143011,11.11944523,1
1959,NM,0,2380.827637,39527.33282,32,7.775623387,10.58477298,0
1960,NM,0,2675.191895,40171.27484,32,7.892150128,10.60093236,0
1961,NM,0,2822.168213,40909.37585,32,7.945615013,10.619139,0
1962,NM,0,2990.297852,41647.02163,32,8.003462636,10.63700915,0
1963,NM,0,3116.129639,42231.69381,32,8.04466787,10.65094993,0
1964,NM,0,3216.75415,43611.2,32,8.076438926,10.68309221,0
1965,NM,0,3815.731201,43998.85511,32,8.247149629,10.69194162,0
1966,NM,0,3763.776611,44620.71642,32,8.233443805,10.70597593,0
1967,NM,0,3719.494629,46137.7749,32,8.221611903,10.73940898,0
1968,NM,0,3986.296875,45666.44146,32,8.290868805,10.72914088,0
1969,NM,0,3951.275879,46581.98922,32,8.282046864,10.74899072,0
1970,NM,0,4170.319336,46162.68091,32,8.335987652,10.73994864,0
1971,NM,0,4213.684082,45689.46212,32,8.346329917,10.72964485,0
1972,NM,0,4855.667969,44091.13267,32,8.488107879,10.69403665,0
1973,NM,0,4253.952148,44691.65612,32,8.355838795,10.70756447,0
1974,NM,0,4432.816406,44964.65173,32,8.397015983,10.71365418,0
1975,NM,0,4863.623047,44604.20658,32,8.489744509,10.70560587,0
1976,NM,0,4930.306152,46109.83694,32,8.503359172,10.73880328,0
1977,NM,0,5046.897461,46763.29781,32,8.526727091,10.75287532,0
1978,NM,0,5445.162109,47484.03731,32,8.602666439,10.76816994,0
1979,NM,0,5618.025879,44073.74396,32,8.633913597,10.6936422,0
1980,NM,0,5466.476562,44145.75394,32,8.606572466,10.69527468,0
1981,NM,0,5797.05957,44834.61575,32,8.665278584,10.7107581,0
1982,NM,0,6002.569824,44358.01355,32,8.700109542,10.7000712,0
1983,NM,0,5857.755859,45036.44623,32,8.675692549,10.71524956,0
1984,NM,0,6042.016113,45774.96965,32,8.706658523,10.73151455,0
1985,NM,0,5899.886719,44213.08382,32,8.68285791,10.69679866,0
1986,NM,0,6109.536133,48057.87184,32,8.717769795,10.78018203,0
1987,NM,0,6123.524902,47072.07183,32,8.720056465,10.75945639,0
1988,NM,0,6149.208496,45416.65827,32,8.724241262,10.72365626,0
1989,NM,0,6059.463867,43533.82529,32,8.709541622,10.68131648,0
1990,NM,0,6268.007324,42539.27307,32,8.7433733,10.65820651,0
1991,NM,0,6287.399902,42008.60141,32,8.74646193,10.64565348,0
1992,NM,0,6106.748535,41236.36255,32,8.717313496,10.62709998,0
1993,NM,0,6196.709961,42135.36078,32,8.731935142,10.64866632,0
1994,NM,0,6479.333496,42470.89453,32,8.776527253,10.65659783,0
1995,NM,0,6586.834961,41599.47768,32,8.79298004,10.63586693,0
1996,NM,0,6506.904785,41875.37025,32,8.780772838,10.64247699,0
1997,NM,0,6799.274414,40964.6387,32,8.824718245,10.62048891,0
1998,NM,0,7277.310059,43340.97109,32,8.892653979,10.67687675,0
1999,NM,0,7624.473633,42608.61203,32,8.939249715,10.65983514,0
2000,NM,0,7994.126465,42781.77753,32,8.986587443,10.66389091,0
1959,NV,0,2681.871826,41677.91945,33,7.894643077,10.63775075,0
1960,NV,0,3094.580322,42162.96708,33,8.037730671,10.64932127,0
1961,NV,0,3153.259766,43374.30185,33,8.056509125,10.67764548,0
1962,NV,0,3276.158447,43926.86701,33,8.094731999,10.69030418,0
1963,NV,0,3287.106689,44323.2421,33,8.098067204,10.69928703,0
1964,NV,0,3694.850098,45932.44129,33,8.214965874,10.7349487,0
1965,NV,0,3607.949707,48629.94921,33,8.191172069,10.79201542,0
1966,NV,0,4058.604492,49735.61,33,8.308840832,10.81449656,0
1967,NV,0,4139.999512,51086.47072,33,8.328692466,10.84129455,0
1968,NV,0,3762.363281,52195.58965,33,8.233068326,10.86277244,0
1969,NV,1,4193.166504,54947.73423,33,8.341449911,10.91415592,1
1970,NV,1,4163.778809,53676.62106,33,8.334418446,10.89075145,1
1971,NV,1,4591.823242,54917.80741,33,8.432250199,10.91361114,1
1972,NV,1,4677.234863,56767.59415,33,8.450676152,10.94673853,1
1973,NV,1,4816.252441,56041.37231,33,8.479959012,10.93386333,1
1974,NV,1,4476.260742,53633.81535,33,8.406766697,10.88995368,1
1975,NV,1,4640.550293,51539.03597,33,8.442803704,10.85011418,1
1976,NV,1,4973.07373,51409.86224,33,8.511994447,10.84760476,1
1977,NV,1,4979.360352,50908.52089,33,8.513257527,10.83780524,1
1978,NV,1,5346.847168,50855.20999,33,8.58444936,10.83675752,1
1979,NV,1,5731.226562,48630.09325,33,8.653859314,10.79201838,1
1980,NV,1,5094.166992,47806.9247,33,8.536047721,10.77494669,1
1981,NV,1,5360.893555,47833.18556,33,8.587072467,10.77549584,1
1982,NV,1,5454.803711,47791.54819,33,8.604435222,10.77462501,1
1983,NV,1,5445.585449,48953.13489,33,8.602744168,10.79863912,1
1984,NV,1,5498.282227,47262.95523,33,8.612372858,10.76350324,1
1985,NV,1,6475.957031,51899.76059,33,8.776006085,10.85708872,1
1986,NV,1,6330.187988,53642.57257,33,8.753243173,10.89011694,1
1987,NV,1,6331.033691,52976.47557,33,8.753376742,10.87762211,1
1988,NV,1,6566.233398,53628.31892,33,8.789847927,10.88985119,1
1989,NV,1,6709.927734,53793.00839,33,8.811492482,10.89291737,1
1990,NV,1,7163.386719,53760.73206,33,8.876877743,10.89231719,1
1991,NV,1,7277.472656,54205.0085,33,8.892676319,10.90054704,1
1992,NV,1,7218.680664,53028.17179,33,8.884566002,10.87859745,1
1993,NV,1,7037.601562,51239.3874,33,8.859164788,10.84428332,1
1994,NV,1,6960.126465,51256.40332,33,8.848096589,10.84461534,1
1995,NV,1,6999.801758,51748.23929,33,8.853779958,10.85416501,1
1996,NV,1,7065.827148,51894.27251,33,8.863166881,10.85698298,1
1997,NV,1,7193.662598,50396.07018,33,8.881094724,10.82768832,1
1998,NV,1,7474.583496,52016.38925,33,8.919397455,10.85933335,1
1999,NV,1,7538.842285,51555.97554,33,8.927956544,10.8504428,1
2000,NV,1,7353.374512,51212.76983,33,8.903050587,10.84376372,1
1959,NY,0,3665.29126,47282.93271,34,8.206935874,10.76392583,0
1960,NY,0,4004.109131,48403.459,34,8.295326108,10.78734722,0
1961,NY,0,4202.717285,49354.1322,34,8.343724481,10.80679704,0
1962,NY,0,4566.536621,50479.51158,34,8.426729306,10.82934263,0
1963,NY,0,4866.305176,51414.18385,34,8.490295711,10.84768881,0
1964,NY,0,5095.454102,54865.70323,34,8.536300303,10.91266194,0
1965,NY,0,5553.818848,53302.57778,34,8.622421091,10.88375873,0
1966,NY,0,5603.774902,53167.9728,34,8.631374175,10.88123029,0
1967,NY,0,6380.43457,52881.8419,34,8.761148205,10.87583422,0
1968,NY,1,6479.067871,56393.79434,34,8.776486263,10.94013213,1
1969,NY,1,6953.549316,57633.3285,34,8.847151302,10.96187365,1
1970,NY,1,7008.399902,62382.00123,34,8.85500737,11.0410481,1
1971,NY,1,7942.530762,61378.72593,34,8.980113136,11.02483486,1
1972,NY,1,7410.710449,64582.13706,34,8.910816522,11.07570862,1
1973,NY,1,8818.316406,62862.98883,34,9.084699641,11.04872876,1
1974,NY,1,7826.919922,63691.81437,34,8.965452099,11.06182703,1
1975,NY,1,7885.149414,64646.71467,34,8.972863261,11.07670803,1
1976,NY,1,7934.240234,65531.76626,34,8.979068908,11.09030554,1
1977,NY,1,8045.57373,64769.11054,34,8.993001656,11.07859952,1
1978,NY,1,8165.697266,62206.16242,34,9.007819855,11.03822542,1
1979,NY,1,8861.730469,59469.81943,34,9.089610175,10.99324104,1
1980,NY,1,8535.237305,57209.26637,34,9.052075593,10.95448864,1
1981,NY,1,8913.642578,56221.98445,34,9.095450437,10.93708093,1
1982,NY,1,9130.657227,57345.33853,34,9.119502472,10.95686428,1
1983,NY,1,9723.389648,59809.95939,34,9.182392405,10.99894419,1
1984,NY,1,10059.06152,59210.91278,34,9.216328559,10.98887803,1
1985,NY,1,10580.44434,61789.28935,34,9.266857212,11.0315015,1
1986,NY,1,11234.21582,63665.98629,34,9.326808394,11.06142144,1
1987,NY,1,11893.66113,65839.09243,34,9.383844934,11.09498424,1
1988,NY,1,12266.45996,67485.84188,34,9.414705504,11.11968792,1
1989,NY,1,12398.77148,68450.24032,34,9.425433323,11.13387695,1
1990,NY,1,12530.14941,68620.0726,34,9.435972777,11.13635495,1
1991,NY,1,11978.08301,69379.27292,34,9.390917325,11.14735785,1
1992,NY,1,12075.88672,69938.00236,34,9.399048716,11.15537875,1
1993,NY,1,12176.87598,69071.69019,34,9.40737614,11.14291471,1
1994,NY,1,12228.32422,69521.90427,34,9.411591971,11.14941154,1
1995,NY,1,11963.56445,68843.60144,34,9.389704598,11.13960709,1
1996,NY,1,11847.65234,66709.29514,34,9.379969414,11.10811457,1
1997,NY,1,12026.30859,66180.33565,34,9.394935059,11.10015376,1
1998,NY,1,12500.75293,66135.18081,34,9.433624148,11.09947124,1
1999,NY,1,12887.12012,66778.01148,34,9.464061245,11.10914411,1
2000,NY,1,13569.07422,65897.99327,34,9.515622222,11.09587844,1
1959,OH,0,2488.343506,37526.61284,35,7.819774302,10.53283228,0
1960,OH,0,2598.676025,34259.06606,35,7.863142111,10.4417357,0
1961,OH,0,2701.217529,35281.09114,35,7.901828022,10.47113078,0
1962,OH,0,2942.496826,37263.93516,35,7.98735355,10.52580809,0
1963,OH,0,3142.208008,39079.64436,35,8.052999216,10.57338259,0
1964,OH,0,3084.723145,42380.23871,35,8.034541316,10.65446106,0
1965,OH,0,3260.94751,43957.32063,35,8.090079692,10.69099721,0
1966,OH,0,2953.302246,43974.6246,35,7.991017775,10.69139077,0
1967,OH,0,3655.01001,47658.94393,35,8.20412767,10.77184657,0
1968,OH,0,3745.141846,48404.67347,35,8.228481748,10.78737231,0
1969,OH,0,4019.683105,48970.50449,35,8.299207094,10.79899387,0
1970,OH,0,4054.595215,49444.76097,35,8.307852741,10.80863161,0
1971,OH,0,4264.891602,48726.09383,35,8.358406489,10.7939905,0
1972,OH,0,4547.726074,48514.85256,35,8.422602489,10.78964588,0
1973,OH,0,4690.095703,50585.06132,35,8.45342146,10.83143135,0
1974,OH,0,4603.084961,47105.40438,35,8.434699223,10.76016424,0
1975,OH,0,4684.836426,46205.17538,35,8.452299711,10.74086873,0
1976,OH,0,4945.707031,47903.33791,35,8.506477388,10.77696134,0
1977,OH,0,5212.779785,47947.13322,35,8.559060358,10.77787515,0
1978,OH,0,5408.486816,47490.72615,35,8.595909509,10.76831079,0
1979,OH,0,5689.777832,45614.55291,35,8.646602219,10.72800401,0
1980,OH,0,5610.462891,44639.29087,35,8.632566729,10.70639211,0
1981,OH,0,5506.222168,44498.77593,35,8.613815631,10.70323943,0
1982,OH,0,5588.216797,45012.18155,35,8.628594448,10.71471065,0
1983,OH,0,6051.751953,46610.56537,35,8.708268316,10.74960397,0
1984,OH,1,6398.240723,48014.2935,35,8.763934625,10.77927485,1
1985,OH,1,6616.327148,49686.77587,35,8.797446813,10.81351422,1
1986,OH,1,6782.813477,52301.60774,35,8.822294682,10.86480151,1
1987,OH,1,6900.112305,52989.91212,35,8.839437881,10.87787571,1
1988,OH,1,7756.710938,54213.54951,35,8.956442587,10.90070459,1
1989,OH,1,7967.674316,54897.35652,35,8.983273424,10.91323869,1
1990,OH,1,7919.818359,53512.97906,35,8.977249808,10.88769819,1
1991,OH,1,8189.79248,52724.08482,35,9.010765934,10.87284661,1
1992,OH,1,7941.961426,53649.85674,35,8.98004146,10.89025272,1
1993,OH,1,8026.196289,53839.45999,35,8.990590591,10.89378051,1
1994,OH,1,8134.960938,53976.95361,35,9.004049137,10.89633098,1
1995,OH,1,8111.012695,54134.83655,35,9.001101291,10.89925166,1
1996,OH,1,8248.168945,53751.01456,35,9.01786774,10.89213643,1
1997,OH,1,8420.857422,52965.19103,35,9.038585679,10.87740908,1
1998,OH,1,8815.217773,54267.8509,35,9.084348233,10.90170569,1
1999,OH,1,9246.608398,54233.90207,35,9.132120246,10.90107993,1
2000,OH,1,9587.353516,54151.84059,35,9.168304466,10.89956571,1
1959,OK,0,2121.727295,34739.09288,36,7.660457001,10.45564971,0
1960,OK,0,2178.421143,34529.47845,36,7.68681459,10.44959765,0
1961,OK,0,2222.248535,35379.57736,36,7.706724709,10.47391829,0
1962,OK,0,2297.213135,35823.73902,36,7.739887202,10.48639397,0
1963,OK,0,2317.950684,36140.67086,36,7.748870071,10.4952018,0
1964,OK,0,2344.688232,36295.7729,36,7.760334127,10.49948412,0
1965,OK,0,3150.0625,39111.63175,36,8.055494977,10.57420076,0
1966,OK,0,3299.823975,40380.73884,36,8.101927406,10.60613295,0
1967,OK,0,3156.423096,38623.33045,36,8.057511498,10.56163768,0
1968,OK,0,3018.788086,41612.35425,36,8.012941938,10.63617641,0
1969,OK,0,3290.178467,41513.82126,36,8.099000976,10.63380578,0
1970,OK,0,3454.705078,41363.20081,36,8.14778179,10.63017107,0
1971,OK,1,3647.04834,42534.38025,36,8.201947602,10.65809148,1
1972,OK,1,3308.291016,41034.17529,36,8.104489251,10.62218491,1
1973,OK,1,4090.23999,40762.71932,36,8.316603379,10.61554773,1
1974,OK,1,4153.230957,39771.99964,36,8.331882602,10.59094356,1
1975,OK,1,4272.388184,38909.62137,36,8.360162277,10.56902254,1
1976,OK,1,4520.505859,40162.1585,36,8.416600372,10.6007054,1
1977,OK,1,4933.152832,41092.40235,36,8.503936272,10.62360286,1
1978,OK,1,4730.924805,41805.21668,36,8.462087334,10.64080033,1
1979,OK,1,5435.275879,39676.58155,36,8.600849524,10.58854161,1
1980,OK,1,5465.554688,38927.22938,36,8.606403841,10.56947496,1
1981,OK,1,6018.004395,38885.45325,36,8.702677142,10.56840122,1
1982,OK,1,5936.568848,39363.06238,36,8.689055044,10.58060856,1
1983,OK,1,5854.489258,40786.98135,36,8.675134835,10.61614274,1
1984,OK,1,5607.09668,39915.37058,36,8.631966668,10.59454181,1
1985,OK,1,5956.460449,43406.5198,36,8.69239957,10.67838797,1
1986,OK,1,5726.682129,44890.48902,36,8.653066213,10.7120035,1
1987,OK,1,5560.223145,44340.61327,36,8.623573353,10.69967887,1
1988,OK,1,5823.376953,42551.33246,36,8.669807312,10.65848995,1
1989,OK,1,5791.000488,40568.9671,36,8.664233018,10.61078335,1
1990,OK,1,6071.820312,40382.0702,36,8.711578408,10.60616592,1
1991,OK,1,6175.126465,40567.7027,36,8.728446568,10.61075218,1
1992,OK,1,6357.242188,40282.07616,36,8.757507233,10.60368671,1
1993,OK,1,6695.171387,40757.60902,36,8.809291207,10.61542236,1
1994,OK,1,6669.373535,41155.49596,36,8.80543114,10.62513705,1
1995,OK,1,6509.041016,40640.83249,36,8.781101036,10.61255317,1
1996,OK,1,6694.905762,42206.13717,36,8.809251538,10.65034461,1
1997,OK,1,6837.210938,41698.28506,36,8.830281418,10.63823926,1
1998,OK,1,7093.760742,41670.10027,36,8.867111867,10.63756313,1
1999,OK,1,7060.762207,40964.6845,36,8.862449904,10.62049003,1
2000,OK,1,7621.916504,43685.91218,36,8.938914319,10.68480384,1
1959,OR,0,2981.570801,39842.05281,37,8.000540892,10.59270334,0
1960,OR,0,3215.143066,41249.80614,37,8.075938115,10.62742593,0
1961,OR,0,3373.617188,42818.93768,37,8.124037171,10.66475911,0
1962,OR,0,3500.901123,43981.60426,37,8.161061278,10.69154948,0
1963,OR,0,3576.963623,44973.94527,37,8.182549097,10.71386084,0
1964,OR,0,3733.452881,45158.69419,37,8.225356602,10.71796025,0
1965,OR,0,3896.999023,46034.04444,37,8.26821863,10.73715822,0
1966,OR,0,3992.361328,47110.86198,37,8.292388593,10.76028009,0
1967,OR,0,4267.520508,48533.77934,37,8.359022561,10.79003592,0
1968,OR,0,4437.820312,49908.50799,37,8.398143925,10.8179668,0
1969,OR,0,5010.140137,53325.68282,37,8.51941874,10.8841921,0
1970,OR,0,4811.011719,52254.76103,37,8.478870512,10.86390542,0
1971,OR,0,5520.247559,51068.17679,37,8.616359121,10.8409364,0
1972,OR,0,5586.766602,49907.69833,37,8.628334952,10.81795058,0
1973,OR,0,5941.540527,48463.43545,37,8.689892019,10.78858552,0
1974,OR,1,5771.413574,46579.0623,37,8.660845569,10.74892788,1
1975,OR,1,5431.736816,50258.26094,37,8.600198304,10.82495011,1
1976,OR,1,5489.579102,51735.60494,37,8.610789012,10.85392084,1
1977,OR,1,6310.391113,50375.97487,37,8.750111393,10.8272895,1
1978,OR,1,6030.783691,48728.16056,37,8.704798049,10.79403291,1
1979,OR,1,7245.143066,48104.47616,37,8.888224615,10.7811513,1
1980,OR,1,7362.660156,48058.32421,37,8.904312392,10.78019145,1
1981,OR,1,7098.601562,48708.76794,37,8.867793943,10.79363486,1
1982,OR,1,7146.191406,49102.14383,37,8.874474748,10.80167834,1
1983,OR,1,7227.34375,50693.64214,37,8.885765209,10.83357551,1
1984,OR,1,7327.395996,51162.3589,37,8.899511944,10.84277891,1
1985,OR,1,7527.742676,52001.08773,37,8.926483332,10.85903915,1
1986,OR,1,7736.388672,53103.40125,37,8.953819529,10.88001509,1
1987,OR,1,8187.812988,53899.75847,37,9.010524232,10.89489983,1
1988,OR,1,8475.665039,54302.02531,37,9.045072378,10.90233522,1
1989,OR,1,8554.240234,54232.63742,37,9.054299267,10.90105661,1
1990,OR,1,8666.643555,54171.98535,37,9.06735224,10.89993764,1
1991,OR,1,8434.395508,54594.05115,37,9.040191883,10.90769852,1
1992,OR,1,8680.208008,55765.13977,37,9.068915969,10.92892215,1
1993,OR,1,8332.899414,56724.74076,37,9.028086743,10.94598337,1
1994,OR,1,8311.931641,56941.75016,37,9.02556761,10.94980166,1
1995,OR,1,8284.896484,56811.88899,37,9.02231013,10.9475185,1
1996,OR,1,8227.490234,56925.26518,37,9.01535783,10.94951212,1
1997,OR,1,8720.414062,57333.10405,37,9.073536667,10.95665091,1
1998,OR,1,9133.642578,57300.56839,37,9.119829341,10.95608327,1
1999,OR,1,9356.667969,53557.22171,37,9.14395139,10.8885246,1
2000,OR,1,9532.765625,52818.43192,37,9.162595052,10.87463443,1
1959,PA,0,2847.116211,39332.50615,38,7.954413076,10.57983201,0
1960,PA,0,2961.39624,39263.62746,38,7.99375376,10.57807933,0
1961,PA,0,3050.083252,40365.88538,38,8.023251971,10.60576506,0
1962,PA,0,3131.659424,41930.72795,38,8.049637579,10.64379805,0
1963,PA,0,3186.604492,43322.74695,38,8.067024971,10.67645619,0
1964,PA,0,3101.138916,43259.49677,38,8.039847125,10.67499518,0
1965,PA,0,3638.501953,44372.6654,38,8.199602125,10.70040145,0
1966,PA,0,3751.500488,45865.7892,38,8.230177694,10.73349659,0
1967,PA,0,4192.287109,47169.29725,38,8.341240218,10.76151968,0
1968,PA,0,4355.739746,49238.04844,38,8.379479292,10.80444226,0
1969,PA,0,4903.615234,51691.74824,38,8.497931925,10.85307278,0
1970,PA,0,4978.499023,52266.00103,38,8.513084567,10.8641205,0
1971,PA,1,5450.111328,53302.57778,38,8.60357478,10.88375873,1
1972,PA,1,5703.013184,55296.49862,38,8.648925273,10.92048295,1
1973,PA,1,5993.989258,53531.76393,38,8.698679276,10.88804916,1
1974,PA,1,5958.187988,51749.59918,38,8.692689507,10.85419129,1
1975,PA,1,6163.124023,50055.60666,38,8.726501317,10.82090978,1
1976,PA,1,6602.474609,52118.83164,38,8.795351245,10.8613008,1
1977,PA,1,6903.742676,51635.37424,38,8.839963799,10.85198163,1
1978,PA,1,7131.013184,51169.58522,38,8.872348827,10.84292014,1
1979,PA,1,6990.109863,50158.88811,38,8.852394601,10.82297094,1
1980,PA,1,6867.87207,47874.40562,38,8.83475519,10.7763572,1
1981,PA,1,6728.35498,46734.50958,38,8.814234576,10.75225953,1
1982,PA,1,6975.302734,47661.61845,38,8.850274361,10.77190269,1
1983,PA,1,7361.111328,49704.07072,38,8.904102036,10.81386223,1
1984,PA,1,8213.378906,50771.99879,38,9.013641423,10.83511997,1
1985,PA,1,8127.404297,52392.21048,38,9.00311991,10.86653229,1
1986,PA,1,8528.964844,54557.77112,38,9.051340519,10.90703377,1
1987,PA,1,8835.130859,56005.45772,38,9.086604374,10.93322228,1
1988,PA,1,9528.276367,57615.25988,38,9.162124062,10.9615601,1
1989,PA,1,10089.08789,58625.41071,38,9.219308824,10.97894057,1
1990,PA,1,10090.56641,60105.54451,38,9.219455345,11.00387401,1
1991,PA,1,9809.345703,61982.65954,38,9.191192792,11.03462607,1
1992,PA,1,9903.225586,64056.86275,38,9.200716772,11.06754206,1
1993,PA,1,9722.124023,63999.81326,38,9.182262247,11.06665107,1
1994,PA,1,9659.628906,65459.47088,38,9.175814029,11.08920174,1
1995,PA,1,9904.708984,65941.91125,38,9.200866535,11.09654467,1
1996,PA,1,9875.494141,65525.20515,38,9.197912884,11.09020542,1
1997,PA,1,9793.755859,64590.76855,38,9.189602405,11.07584226,1
1998,PA,1,9966.308594,64824.16928,38,9.207065876,11.07944922,1
1999,PA,1,10172.88477,63245.3997,38,9.227579399,11.05479348,1
2000,PA,1,10396.1582,62717.06016,38,9.249287798,11.04640473,1
1959,RI,0,2736.488281,40493.9728,39,7.914796093,10.60893312,0
1960,RI,0,2925.332764,39928.32653,39,7.981505302,10.59486633,0
1961,RI,0,3108.921143,40928.26968,39,8.042352649,10.61960073,0
1962,RI,0,3168.471436,41874.02082,39,8.061320113,10.64244477,0
1963,RI,0,3239.628906,42661.29602,39,8.083522697,10.66107081,0
1964,RI,0,3267.294189,43969.93729,39,8.092023473,10.69128418,0
1965,RI,0,3649.364746,43784.26032,39,8.202582372,10.68705252,0
1966,RI,1,3692.2854,44587.0658,39,8.214271693,10.70522152,1
1967,RI,1,4080.25708,48311.80618,39,8.314160328,10.78545194,1
1968,RI,1,4886.286133,50566.43559,39,8.494392445,10.83106308,1
1969,RI,1,4793.306641,52333.43891,39,8.475184376,10.86540992,1
1970,RI,1,4909.948242,53041.56104,39,8.499222327,10.87884991,1
1971,RI,1,5140.891602,53840.98765,39,8.545176307,10.89380888,1
1972,RI,1,5506.973633,54383.58472,39,8.613952073,10.90383602,1
1973,RI,1,5788.283691,55741.79088,39,8.663763848,10.92850337,1
1974,RI,1,6207.911133,54589.19257,39,8.733740819,10.90760952,1
1975,RI,1,5400.566406,54234.33787,39,8.594444266,10.90108797,1
1976,RI,1,5645.208496,55261.29061,39,8.638739536,10.91984605,1
1977,RI,1,6081.510254,54352.0786,39,8.71317276,10.90325653,1
1978,RI,1,6239.806152,55410.3064,39,8.738864644,10.92253894,1
1979,RI,1,7056.643555,53850.22185,39,8.861866501,10.89398037,1
1980,RI,1,7054.491211,52381.07262,39,8.861561488,10.86631969,1
1981,RI,1,6626.143555,51956.81875,39,8.798929154,10.85818749,1
1982,RI,1,7330.861816,53097.20091,39,8.899984762,10.87989833,1
1983,RI,1,7805.224609,55470.7325,39,8.962676721,10.92362885,1
1984,RI,1,8198.144531,58119.58344,39,9.011785102,10.97027516,1
1985,RI,1,8622.666992,59722.21572,39,9.062265678,10.9974761,1
1986,RI,1,8985.717773,61833.59962,39,9.103502963,11.03221835,1
1987,RI,1,9452.291016,63071.16324,39,9.154118215,11.0520348,1
1988,RI,1,10319.08691,63513.64688,39,9.241847461,11.05902582,1
1989,RI,1,10389.58594,63406.81606,39,9.248655477,11.05734241,1
1990,RI,1,9899.37207,60456.73647,39,9.200327618,11.00969983,1
1991,RI,1,9752.795898,58303.56483,39,9.185411811,10.97343567,1
1992,RI,1,10103.76367,58955.93776,39,9.220762242,10.98456259,1
1993,RI,1,10256.25,59246.34336,39,9.235740052,10.98947622,1
1994,RI,1,10484.7002,59927.1458,39,9.257767722,11.00090155,1
1995,RI,1,10451.1709,59757.93441,39,9.254564977,10.99807399,1
1996,RI,1,10579.07129,59786.81599,39,9.266727443,10.99855717,1
1997,RI,1,10771.59961,60186.17321,39,9.284761116,11.00521454,1
1998,RI,1,11096.0625,61069.05767,39,9.314435713,11.01977697,1
1999,RI,1,11654.72266,61570.05955,39,9.363552554,11.02794723,1
2000,RI,1,11795.66699,61382.3852,39,9.375572312,11.02489448,1
1959,SC,0,1436.263428,25417.38633,40,7.270496187,10.14322806,0
1960,SC,0,1608.919678,26358.17523,40,7.383939567,10.1795717,0
1961,SC,0,1666.895874,27574.08042,40,7.419318155,10.22466776,0
1962,SC,0,1766.104248,29140.18869,40,7.477097468,10.27990787,0
1963,SC,0,1842.096069,30575.2431,40,7.519202083,10.32797862,0
1964,SC,0,1860.967896,31653.29032,40,7.529389216,10.36262897,0
1965,SC,0,2240.59668,32362.27937,40,7.714943694,10.38477971,0
1966,SC,0,2336.240723,35669.65264,40,7.756726334,10.48208357,0
1967,SC,0,2846.817871,36756.14443,40,7.954308321,10.51208789,0
1968,SC,0,2794.456543,36812.61575,40,7.935750715,10.51362305,0
1969,SC,0,3370.432373,40105.66674,40,8.12309297,10.59929785,0
1970,SC,0,3458.397217,39340.00077,40,8.148849638,10.58002253,0
1971,SC,0,3566.068848,39303.92099,40,8.179499486,10.57910501,0
1972,SC,0,3637.901611,41759.28976,40,8.19943716,10.63970116,0
1973,SC,0,3980.208008,42280.27116,40,8.289340572,10.6520995,0
1974,SC,0,3942.696533,41311.21849,40,8.279873769,10.62891358,0
1975,SC,0,3893.923828,40141.75938,40,8.267429402,10.60019736,0
1976,SC,0,4210.665039,39821.08674,40,8.345613345,10.59217698,0
1977,SC,0,4475.225098,40703.78769,40,8.406535358,10.614101,0
1978,SC,0,4005.679199,40821.95798,40,8.295718047,10.6169999,0
1979,SC,0,4797.527344,38886.65415,40,8.476064346,10.56843211,0
1980,SC,0,4299.616699,37791.96212,40,8.36651371,10.53987818,0
1981,SC,0,4319.462891,37458.13402,40,8.371117826,10.53100586,0
1982,SC,0,4302.282715,37283.0567,40,8.367133432,10.52632108,0
1983,SC,0,4761.36377,38059.09199,40,8.468499414,10.54692156,0
1984,SC,0,5420.033691,42274.32092,40,8.598041794,10.65195876,0
1985,SC,0,5707.734375,43763.19133,40,8.649752627,10.68657121,0
1986,SC,0,5901.263672,46159.82962,40,8.68309123,10.73988687,0
1987,SC,0,6032.402832,46530.77084,40,8.705066448,10.7478906,0
1988,SC,0,6342.171387,47424.87472,40,8.755134141,10.76692324,0
1989,SC,0,6628.020996,47861.53348,40,8.79921241,10.7760883,0
1990,SC,0,6689.051758,46117.92747,40,8.80837689,10.73897872,0
1991,SC,0,6544.503906,44936.82779,40,8.786533666,10.71303521,0
1992,SC,0,6533.162598,45420.30225,40,8.784799477,10.72373649,0
1993,SC,0,6541.091797,44616.21935,40,8.78601224,10.70587515,0
1994,SC,0,6623.327637,44642.6264,40,8.798504157,10.70646683,0
1995,SC,0,6838.389648,45245.191,40,8.830453774,10.71987377,0
1996,SC,0,7018.246094,45626.37832,40,8.856411097,10.72826322,0
1997,SC,0,7227.125,45780.89117,40,8.885734945,10.7316439,0
1998,SC,0,7566.540039,46160.98366,40,8.931623332,10.73991187,0
1999,SC,0,8023.295898,47224.95947,40,8.990229206,10.76269901,0
2000,SC,0,8397.267578,48040.70078,40,9.035780723,10.77982468,0
1959,SD,0,2336.800049,27103.38631,41,7.756965616,10.20745085,0
1960,SD,0,2548.705078,27372.07116,41,7.843732976,10.217315,0
1961,SD,0,2641.349121,28520.71443,41,7.879423619,10.25842099,0
1962,SD,0,2677.046631,29707.95051,41,7.892842939,10.29920364,0
1963,SD,0,2762.788818,30770.94423,41,7.924357778,10.33435865,0
1964,SD,0,2967.175049,31477.43871,41,7.995702581,10.35705811,0
1965,SD,0,3312.485352,32189.21905,41,8.105755891,10.37941793,0
1966,SD,0,3327.754639,32304.59107,41,8.110353531,10.38299559,0
1967,SD,0,3488.097168,33295.97453,41,8.157398291,10.41322182,0
1968,SD,0,3396.342773,36342.66746,41,8.130748868,10.50077526,0
1969,SD,1,3898.545898,37431.95563,41,8.268615389,10.53030676,1
1970,SD,1,3805.12915,38176.66075,41,8.244367981,10.55000583,1
1971,SD,1,4223.012207,41764.45412,41,8.348540715,10.63982482,1
1972,SD,1,4063.512695,41253.27463,41,8.310049137,10.62751001,1
1973,SD,1,4524.318359,40026.04367,41,8.417443209,10.5973106,1
1974,SD,1,4086.919922,37679.90046,41,8.315791543,10.53690863,1
1975,SD,1,4225.670898,37750.4389,41,8.349169941,10.53877887,1
1976,SD,1,4609.745117,39023.97519,41,8.436144754,10.57195711,1
1977,SD,1,4730.153809,38555.61219,41,8.461924386,10.55988289,1
1978,SD,1,5279.334473,39296.90368,41,8.571744722,10.57892645,1
1979,SD,1,5348.449219,37123.58425,41,8.584748885,10.52203468,1
1980,SD,1,4987.869629,35827.07647,41,8.514964636,10.48648712,1
1981,SD,1,5226.866211,35303.96148,41,8.561758484,10.47177878,1
1982,SD,1,5327.389648,35247.11416,41,8.580804342,10.47016731,1
1983,SD,1,5597.418457,36079.94915,41,8.630239418,10.49352028,1
1984,SD,1,5766.117676,36475.58445,41,8.659927698,10.50442581,1
1985,SD,1,5883.302246,36670.2916,41,8.680043448,10.50974948,1
1986,SD,1,5840.106445,37365.96526,41,8.672675518,10.52854231,1
1987,SD,1,5894.518555,37925.62065,41,8.681947774,10.54340854,1
1988,SD,1,6216.492676,37839.99585,41,8.735121998,10.54114834,1
1989,SD,1,6174.369629,37456.39355,41,8.728324019,10.53095939,1
1990,SD,1,6216.851074,37197.1512,41,8.73517964,10.52401434,1
1991,SD,1,6304.850586,37288.85763,41,8.749233146,10.52647666,1
1992,SD,1,6386.772949,37750.26421,41,8.762140965,10.53877424,1
1993,SD,1,6179.781738,38116.79242,41,8.729200037,10.54843644,1
1994,SD,1,6284.328613,38280.45256,41,8.745973405,10.55272079,1
1995,SD,1,6038.719238,37696.21789,41,8.706112806,10.53734157,1
1996,SD,1,6096.55957,37195.99115,41,8.7156439,10.52398315,1
1997,SD,1,6343.475586,37871.09657,41,8.755339727,10.54196988,1
1998,SD,1,7035.250488,38195.91971,41,8.858830706,10.55051016,1
1999,SD,1,7371.472168,38049.8544,41,8.905508366,10.54667882,1
2000,SD,1,7839.158203,38324.41903,41,8.967014292,10.55386864,1
1959,TN,0,1619.736328,28963.55691,42,7.390635848,10.27382819,0
1960,TN,0,1739.065674,29420.06919,42,7.461678135,10.28946634,0
1961,TN,0,1726.850342,30061.1576,42,7.454633338,10.31102244,0
1962,TN,0,1896.783447,31865.09198,42,7.548441877,10.36929778,0
1963,TN,0,2003.755127,33523.62705,42,7.603277201,10.42003558,0
1964,TN,0,2000.12854,34115.2129,42,7.60146657,10.437528,0
1965,TN,0,2379.187988,35304.30476,42,7.77493475,10.47178851,0
1966,TN,0,2601.062256,38025.19574,42,7.864059585,10.54603056,0
1967,TN,0,2862.009277,39171.73474,42,7.959628546,10.57573624,0
1968,TN,0,2955.328369,39882.94455,42,7.991703362,10.59372913,0
1969,TN,0,3154.213623,42779.37786,42,8.056811482,10.66383482,0
1970,TN,0,3185.045654,41588.00082,42,8.06653582,10.63559101,0
1971,TN,0,3459.950928,42911.26716,42,8.149298665,10.66691301,0
1972,TN,0,3608.411133,43324.285,42,8.191299917,10.67649169,0
1973,TN,0,3751.547607,44298.76244,42,8.23019025,10.69873459,0
1974,TN,0,3770.571777,42832.74517,42,8.235247111,10.66508151,0
1975,TN,0,3714.598877,41742.72818,42,8.220295149,10.6393045,0
1976,TN,0,4335.438477,42614.8094,42,8.374808663,10.65998058,0
1977,TN,0,4068.424072,42974.30484,42,8.311256763,10.66838092,0
1978,TN,1,3678.041016,41042.68953,42,8.210407404,10.62239238,1
1979,TN,1,4575.08252,39520.39819,42,8.428598566,10.58459753,1
1980,TN,1,4433.221191,38957.66195,42,8.397107274,10.57025641,1
1981,TN,1,4259.265137,39065.36744,42,8.357086676,10.57301721,1
1982,TN,1,4304.825684,38634.32601,42,8.367724195,10.56192232,1
1983,TN,1,4333.447754,39210.67289,42,8.374349489,10.57672976,1
1984,TN,1,4715.125488,42968.99402,42,8.45874287,10.66825734,1
1985,TN,1,4958.04248,43335.5908,42,8.508967953,10.67675261,1
1986,TN,1,5270.22998,46806.43729,42,8.570019007,10.75379739,1
1987,TN,1,5480.851074,47503.96092,42,8.60919811,10.76858942,1
1988,TN,1,5986.524414,47740.06977,42,8.697433319,10.77354731,1
1989,TN,1,5987.459473,47571.37832,42,8.697589475,10.77000758,1
1990,TN,1,5873.947266,46441.59132,42,8.678452363,10.74597223,1
1991,TN,1,5492.062988,45822.18,42,8.6112413,10.73254536,1
1992,TN,1,5710.937012,45009.99018,42,8.650313477,10.71466197,1
1993,TN,1,5753.513672,46046.78743,42,8.657739812,10.73743499,1
1994,TN,1,5910.461914,46009.52267,42,8.684648443,10.7366254,1
1995,TN,1,5968.838379,47397.13481,42,8.694475134,10.76633816,1
1996,TN,1,6367.196777,47560.94788,42,8.759071628,10.76978831,1
1997,TN,1,6708.008301,48013.07813,42,8.811206425,10.77924954,1
1998,TN,1,6853.797852,48828.4908,42,8.832704102,10.79608973,1
1999,TN,1,7045.330566,47548.24777,42,8.860262273,10.76952125,1
2000,TN,1,7201.392578,47398.6892,42,8.882168552,10.76637095,1
1959,TX,0,2194.121826,34491.81288,43,7.693992826,10.44850626,0
1960,TX,0,2250.992432,36122.72607,43,7.719570629,10.49470516,0
1961,TX,0,2329.604492,38139.11143,43,7.753882952,10.5490218,0
1962,TX,0,2447.4104,38528.92783,43,7.803194277,10.55919056,0
1963,TX,0,2516.171631,38783.91727,43,7.830891181,10.56578672,0
1964,TX,0,2511.883545,38427.09445,43,7.829186195,10.5565441,0
1965,TX,0,2780.138428,41188.35556,43,7.930615629,10.62593514,0
1966,TX,0,2694.062744,40548.99192,43,7.899176765,10.61029086,0
1967,TX,0,3175.517822,42436.04597,43,8.063540851,10.65577699,0
1968,TX,0,2920.063477,41474.50275,43,7.979703033,10.63285824,0
1969,TX,0,3274.665771,43224.99638,43,8.094276416,10.67419736,0
1970,TX,0,3122.700684,46786.50092,43,8.046773694,10.75337137,0
1971,TX,0,3774.868408,45097.21126,43,8.236385677,10.71659786,0
1972,TX,0,3729.418213,45567.44485,43,8.224275628,10.72697076,0
1973,TX,0,4040.450928,44038.47038,43,8.304359047,10.69284156,0
1974,TX,0,3564.12207,43226.39596,43,8.178953574,10.67422974,0
1975,TX,0,3994.868896,46095.74207,43,8.293016331,10.73849756,0
1976,TX,0,4018.238525,44232.02609,43,8.298847742,10.69722699,0
1977,TX,0,4419.73584,46129.99984,43,8.394061441,10.73924045,0
1978,TX,0,4498.063477,43674.74597,43,8.411624538,10.68454821,0
1979,TX,0,5225.255371,42520.92089,43,8.56145031,10.65777501,0
1980,TX,0,4845.529297,41995.62655,43,8.486018119,10.64534457,0
1981,TX,0,4853.896484,42176.68347,43,8.487743059,10.64964653,0
1982,TX,0,5632.477539,42653.10939,43,8.636482211,10.6608789,0
1983,TX,0,5596.528809,44158.52999,43,8.630080495,10.69556404,0
1984,TX,0,6210.231445,48813.90211,43,8.734114456,10.79579092,0
1985,TX,0,6239.914062,49575.31602,43,8.738881935,10.8112685,0
1986,TX,0,6293.496094,49520.19996,43,8.747430895,10.81015614,0
1987,TX,0,6399.877441,48730.52594,43,8.76419036,10.79408145,0
1988,TX,0,6602.062988,48738.18745,43,8.795288909,10.79423866,0
1989,TX,0,6743.724121,48352.15948,43,8.816515867,10.78628684,0
1990,TX,0,6754.253906,47162.32731,43,8.818075838,10.76137191,0
1991,TX,0,6797.797852,46494.5994,43,8.824501089,10.74711295,0
1992,TX,0,6635.741699,46525.34724,43,8.800376414,10.74777404,0
1993,TX,0,6772.496582,46054.33262,43,8.820772714,10.73759884,0
1994,TX,0,7031.270996,46068.3772,43,8.858264976,10.73790374,0
1995,TX,0,7177.212402,45787.46939,43,8.878805662,10.73178758,0
1996,TX,0,7319.964844,45915.45193,43,8.898497408,10.73457876,0
1997,TX,0,7396.695312,46373.24267,43,8.908923786,10.74449947,0
1998,TX,0,7605.455566,46876.68893,43,8.936752582,10.75529713,0
1999,TX,0,8229.574219,49169.92468,43,9.015611063,10.80305777,0
2000,TX,0,8280.524414,48576.34358,43,9.021782338,10.79091252,0
1959,UT,0,2215.439453,37324.29284,44,7.703657337,10.52742647,0
1960,UT,0,2358.052979,36937.51653,44,7.766015537,10.51701009,0
1961,UT,0,2436.107178,37411.59444,44,7.798567032,10.52976268,0
1962,UT,0,2621.721436,39927.08615,44,7.871967774,10.59483527,0
1963,UT,0,2786.481689,42254.55521,44,7.932893847,10.65149111,0
1964,UT,0,2730.192139,41817.51355,44,7.912493474,10.64109443,0
1965,UT,0,3000.282715,43334.30349,44,8.006795048,10.6767229,0
1966,UT,0,3193.169922,43678.49918,44,8.069082528,10.68463414,0
1967,UT,0,3313.498535,43741.77046,44,8.10606162,10.68608163,0
1968,UT,0,3129.388672,44488.43776,44,8.048912452,10.70300709,0
1969,UT,0,3536.351807,45417.43949,44,8.171133649,10.72367346,0
1970,UT,0,3426.717285,45387.12089,44,8.139649804,10.7230057,0
1971,UT,0,3887.255615,45969.43526,44,8.265715908,10.73575376,0
1972,UT,0,3623.668945,44654.53096,44,8.195518238,10.70673345,0
1973,UT,0,4011.244873,44937.21467,44,8.297106182,10.71304382,0
1974,UT,0,3899.402588,44186.19622,44,8.268835054,10.69619035,0
1975,UT,0,4116.818359,46043.05195,44,8.323078778,10.73735387,0
1976,UT,0,4456.637207,46638.68979,44,8.40237413,10.75020717,0
1977,UT,0,4583.851562,46817.27207,44,8.43051301,10.75402883,0
1978,UT,0,4688.518555,46520.84512,44,8.453085203,10.74767727,0
1979,UT,0,4673.728027,44947.77009,44,8.449926264,10.71327868,0
1980,UT,0,4525.662598,43758.06943,44,8.417740214,10.68645417,0
1981,UT,0,4224.975098,43433.68394,44,8.349005306,10.67901357,0
1982,UT,0,4286.092773,43060.97579,44,8.363364107,10.67039565,0
1983,UT,0,4230.954102,43801.67127,44,8.350419128,10.68745008,0
1984,UT,0,4377.817383,44429.69636,44,8.384533963,10.70168587,0
1985,UT,0,4554.936523,45805.94645,44,8.424186392,10.73219103,0
1986,UT,0,4460.987793,45829.56232,44,8.403349639,10.73270645,0
1987,UT,0,4418.847656,43732.12953,44,8.393860508,10.68586121,0
1988,UT,0,4462.583496,42826.89773,44,8.403707197,10.66494499,0
1989,UT,0,4531.621582,41652.21303,44,8.419055767,10.63713379,0
1990,UT,0,4616.492188,41730.11345,44,8.43760702,10.63900226,0
1991,UT,0,4548.455566,42168.70127,44,8.422762849,10.64945726,0
1992,UT,0,4611.404297,42335.1907,44,8.436504539,10.65339757,0
1993,UT,0,4838.004395,41809.40855,44,8.484464275,10.6409006,0
1994,UT,0,5015.504395,42192.80691,44,8.520488634,10.65002873,0
1995,UT,0,5157.365723,43765.72963,44,8.548375088,10.68662921,0
1996,UT,0,5257.61377,44288.02309,44,8.567622729,10.69849214,0
1997,UT,0,5391.828613,44010.62968,44,8.592825315,10.69220919,0
1998,UT,0,5631.894531,44079.4184,44,8.636378715,10.69377094,0
1999,UT,0,5730.45459,45739.40394,44,8.653724633,10.7307373,0
2000,UT,0,5918.341309,46145.05712,44,8.685980456,10.7395668,0
1959,VA,0,1846.67041,31509.46625,45,7.521680887,10.35807503,0
1960,VA,0,2033.381958,32749.96921,45,7.617947346,10.39668783,0
1961,VA,0,2172.002686,34238.33472,45,7.683865216,10.4411304,0
1962,VA,0,2293.500977,35763.8843,45,7.738270659,10.48472181,0
1963,VA,0,2390.887695,37137.662,45,7.779838164,10.52241381,0
1964,VA,0,2475.129639,38335.65161,45,7.814451991,10.55416168,0
1965,VA,0,2709.65332,39111.63175,45,7.904944962,10.57420076,0
1966,VA,0,3455.460693,43072.78809,45,8.148000424,10.67066993,0
1967,VA,0,3391.346436,43088.90821,45,8.129277125,10.6710441,0
1968,VA,0,3497.435303,45741.63319,45,8.160071091,10.73078603,0
1969,VA,0,3888.459717,47532.64206,45,8.266025537,10.76919299,0
1970,VA,0,4217.784668,48894.00096,45,8.347302372,10.79743044,0
1971,VA,0,4425.563965,48995.29877,45,8.395378933,10.79950004,0
1972,VA,0,4480.452637,49845.09852,45,8.407702522,10.81669551,0
1973,VA,0,4781.338379,48866.15147,45,8.472684906,10.7968607,0
1974,VA,0,4322.085938,47950.20553,45,8.371724764,10.77793922,0
1975,VA,0,4435.023438,45799.86682,45,8.397513632,10.7320583,0
1976,VA,0,4833.45752,45872.23638,45,8.483524203,10.73363714,0
1977,VA,0,5264.088867,43406.09891,45,8.568853303,10.67837828,0
1978,VA,0,5572.320801,44146.30881,45,8.625746349,10.69528725,0
1979,VA,0,5479.130859,42124.45543,45,8.608884259,10.64840748,0
1980,VA,0,5357.235352,41061.4789,45,8.586389974,10.62285006,0
1981,VA,0,5313.475586,40799.74022,45,8.578189619,10.6164555,0
1982,VA,0,5590.788574,41446.45753,45,8.629054475,10.63218182,0
1983,VA,0,5855.655273,43077.00725,45,8.675333947,10.67076787,0
1984,VA,0,6187.140137,44643.76481,45,8.730389858,10.70649233,0
1985,VA,0,6664.48877,46803.0055,45,8.804698564,10.75372407,0
1986,VA,0,7028.714844,49820.62383,45,8.857901421,10.81620438,0
1987,VA,0,7434.628906,52663.59592,45,8.914038443,10.8716987,0
1988,VA,0,7788.538574,53798.81917,45,8.960536904,10.89302538,0
1989,VA,0,8141.433594,54404.972,45,9.004844382,10.90422921,0
1990,VA,0,8283.724609,52305.07893,45,9.02216869,10.86486788,0
1991,VA,0,7867.076172,50854.1185,45,8.970568861,10.83673606,0
1992,VA,0,7874.534668,51618.50117,45,8.971516356,10.85165481,0
1993,VA,0,7854.121094,49811.8374,45,8.968920967,10.81602801,0
1994,VA,0,7975.805176,49662.91714,45,8.984293256,10.81303394,0
1995,VA,0,7909.77002,49780.87045,45,8.975980404,10.81540615,0
1996,VA,0,8043.498535,49387.11483,45,8.992743725,10.80746508,0
1997,VA,0,8239.654297,49798.28426,45,9.016835025,10.81575589,0
1998,VA,0,8494.676758,50132.8135,45,9.047312696,10.82245098,0
1999,VA,0,8953.844727,50710.45231,45,9.099949975,10.83390705,0
2000,VA,0,9219.539062,50901.26125,45,9.129188781,10.83766263,0
1959,VT,0,2483.166016,33075.5729,46,7.817692275,10.40658054,0
1960,VT,0,2571.985596,34167.61394,46,7.852822214,10.43906278,0
1961,VT,0,2690.170166,35722.81632,46,7.897731384,10.48357287,0
1962,VT,0,2817.442139,35435.19202,46,7.943939578,10.47548895,0
1963,VT,0,2887.250244,35038.34785,46,7.968406146,10.46422693,0
1964,VT,0,3420.140137,37716.65394,46,8.137729148,10.53788354,0
1965,VT,0,3417.332275,39042.40762,46,8.136908072,10.57242932,0
1966,VT,0,3718.128174,38361.7019,46,8.221244558,10.55484096,0
1967,VT,0,3895.406006,38845.30361,46,8.26780987,10.56736821,0
1968,VT,0,3979.580078,44394.4481,46,8.289182836,10.70089222,0
1969,VT,0,4691.171875,47294.97885,46,8.453650841,10.76418056,0
1970,VT,1,5874.979004,46443.68091,46,8.678627964,10.74601723,1
1971,VT,1,5256.523926,47649.27407,46,8.567415458,10.77164366,1
1972,VT,1,6457.085449,46522.09195,46,8.773088183,10.74770407,1
1973,VT,1,5465.501465,43866.57939,46,8.606394105,10.68893082,1
1974,VT,1,4599.375488,40316.03389,46,8.433893207,10.60452934,1
1975,VT,1,5383.785645,40429.52845,46,8.591332783,10.60734043,1
1976,VT,1,5300.085938,38429.9738,46,8.575666972,10.55661902,1
1977,VT,1,5351.457031,40624.62545,46,8.585310993,10.61215432,1
1978,VT,1,5300.907715,39417.3027,46,8.575821981,10.58198552,1
1979,VT,1,5797.375488,38294.95948,46,8.665333069,10.55309967,1
1980,VT,1,6211.531738,36340.46073,46,8.734323779,10.50071454,1
1981,VT,1,6359.543945,35299.16376,46,8.757869179,10.47164288,1
1982,VT,1,6610.138184,36517.03615,46,8.796511109,10.50556156,1
1983,VT,1,7026.997559,38545.12043,46,8.857657102,10.55961074,1
1984,VT,1,7292.243164,39867.10024,46,8.894703605,10.59333179,1
1985,VT,1,7781.050293,42143.98365,46,8.959575116,10.64887094,1
1986,VT,1,8170.267578,45936.99867,46,9.008379326,10.73504791,1
1987,VT,1,9457.166016,47041.35972,46,9.154633776,10.75880375,1
1988,VT,1,9577.868164,49324.33966,46,9.167314718,10.80619322,1
1989,VT,1,10147.12305,51018.06994,46,9.225044046,10.83995476,1
1990,VT,1,10436.12207,52268.37478,46,9.25312416,10.86416591,1
1991,VT,1,9994.765625,53867.1978,46,9.209916845,10.89429556,1
1992,VT,1,9717.367188,54123.89151,46,9.181772899,10.89904946,1
1993,VT,1,9455.121094,52087.4668,46,9.154417546,10.86069884,1
1994,VT,1,9368.131836,53426.66383,46,9.145175717,10.88608394,1
1995,VT,1,9282.553711,51931.38344,46,9.135999695,10.85769783,1
1996,VT,1,9384.786133,50105.62953,46,9.14695171,10.8219086,1
1997,VT,1,9611.47168,49315.97971,46,9.170816668,10.80602372,1
1998,VT,1,10087.51367,49229.82086,46,9.219152795,10.80427515,1
1999,VT,1,10893.05371,49362.32703,46,9.295972388,10.80696306,1
2000,VT,1,11590.11133,48440.85001,46,9.357993819,10.78811939,1
1959,WA,0,2941.41333,40786.2128,47,7.986985384,10.6161239,0
1960,WA,0,2858.915039,41727.24919,47,7.958547197,10.63893362,0
1961,WA,0,3227.229004,43218.13975,47,8.07968897,10.67403873,0
1962,WA,0,3310.30542,43867.18005,47,8.105097777,10.68894451,0
1963,WA,0,3398.453857,44358.01839,47,8.131370068,10.70007131,0
1964,WA,0,3572.956299,45018.0129,47,8.181428468,10.71484019,0
1965,WA,0,3636.333984,47245.46667,47,8.19900627,10.76313315,0
1966,WA,0,3699.893066,49331.80261,47,8.216329439,10.80634451,0
1967,WA,0,4226.609863,50596.82404,47,8.349392068,10.83166385,0
1968,WA,0,3973.674072,52859.78323,47,8.287698029,10.87541701,0
1969,WA,0,5068.985352,53622.76183,47,8.531093207,10.88974757,0
1970,WA,0,4570.435547,53502.40105,47,8.427582559,10.8875005,0
1971,WA,0,5133.9375,54799.35723,47,8.543822951,10.91145199,0
1972,WA,0,4608.854492,55327.79852,47,8.435951572,10.92104882,0
1973,WA,0,5612.432617,55398.00891,47,8.632917686,10.92231698,0
1974,WA,0,4940.592285,52417.47862,47,8.505442883,10.86701445,0
1975,WA,0,5421.708496,55182.75989,47,8.598350692,10.91842398,0
1976,WA,1,6014.901855,58867.45389,47,8.702161552,10.98306064,1
1977,WA,1,6522.913086,58252.61836,47,8.783229641,10.97256149,1
1978,WA,1,6375.129395,58052.39609,47,8.760316514,10.96911849,1
1979,WA,1,7169.479492,56511.34609,47,8.877727806,10.94221441,1
1980,WA,1,6257.339844,55266.87436,47,8.741670228,10.91994708,1
1981,WA,1,5896.701172,55063.33707,47,8.682317922,10.91625755,1
1982,WA,1,6744.052734,53462.13401,47,8.816564587,10.88674761,1
1983,WA,1,7058.973145,53342.71608,47,8.862196527,10.88451146,1
1984,WA,1,7265.741211,53527.60537,47,8.891063218,10.88797147,1
1985,WA,1,7305.583984,53113.65971,47,8.896531136,10.88020825,1
1986,WA,1,7338.783691,54285.20112,47,8.901064651,10.90202535,1
1987,WA,1,7437.915039,53669.41762,47,8.914480289,10.89061725,1
1988,WA,1,7480.933105,53838.44896,47,8.920246474,10.89376173,1
1989,WA,1,7706.328613,53559.12574,47,8.949926923,10.88856015,1
1990,WA,1,7761.546387,54455.60831,47,8.957065702,10.90515949,1
1991,WA,1,7843.688477,55751.57311,47,8.967591955,10.92867884,1
1992,WA,1,8113.15918,55577.08007,47,9.001365861,10.92554416,1
1993,WA,1,8060.745117,54118.63203,47,8.994885328,10.89895228,1
1994,WA,1,8058.313965,53145.63348,47,8.994583716,10.88081004,1
1995,WA,1,8028.64502,54160.5912,47,8.990895599,10.89972729,1
1996,WA,1,7968.978027,52554.41658,47,8.983437015,10.86962345,1
1997,WA,1,8205.970703,52666.29807,47,9.012739158,10.87175001,1
1998,WA,1,8173.626953,51760.87578,47,9.008790362,10.85440917,1
1999,WA,1,8345.553711,53719.52029,47,9.029604003,10.89155034,1
2000,WA,1,8547.413086,53357.87361,47,9.053500941,10.88479557,1
1959,WV,0,1768.61792,28616.14047,48,7.478518938,10.26176113,0
1960,WV,0,1919.454468,29841.22688,48,7.560317139,10.30367968,0
1961,WV,0,1993.472778,31233.14274,48,7.598135023,10.34926709,0
1962,WV,0,2080.704346,31962.47889,48,7.640942234,10.37234925,0
1963,WV,0,2142.566162,32570.68002,48,7.670226152,10.39119848,0
1964,WV,0,2162.103271,32286.35613,48,7.679299169,10.38243098,0
1965,WV,0,2374.545166,34542.83937,48,7.772982234,10.4499845,0
1966,WV,0,2589.959961,36645.5205,48,7.859783727,10.50907376,0
1967,WV,0,3105.478027,37866.01025,48,8.041244896,10.54183557,0
1968,WV,0,3059.267822,40102.25375,48,8.026257715,10.59921275,0
1969,WV,0,3692.026367,45215.42576,48,8.214201555,10.7192157,0
1970,WV,0,3343.605469,42543.40084,48,8.115104019,10.65830354,0
1971,WV,0,4195.031738,42943.57175,48,8.341894533,10.66766553,0
1972,WV,0,3684.135742,42687.8536,48,8.21206264,10.66169313,0
1973,WV,0,4073.994629,41710.57532,48,8.312624708,10.63853395,0
1974,WV,0,3702.676025,39683.53879,48,8.217081126,10.58871694,0
1975,WV,0,3945.580078,42476.33666,48,8.28060468,10.65672596,0
1976,WV,0,4137.639648,43825.80578,48,8.328122425,10.68800091,0
1977,WV,0,4495.539551,43344.92809,48,8.411063391,10.67696805,0
1978,WV,0,4857.527832,42390.48971,48,8.488490756,10.65470291,0
1979,WV,0,5246.036621,39045.84104,48,8.565418743,10.57251726,0
1980,WV,0,5209.009766,39865.34649,48,8.558337009,10.5932878,0
1981,WV,0,5740.916504,41090.00177,48,8.655548319,10.62354444,0
1982,WV,0,5769.111816,39112.24149,48,8.660446738,10.57421635,0
1983,WV,0,5829.506836,38288.97031,48,8.670859211,10.55294327,0
1984,WV,0,6305.90918,41057.06896,48,8.749401007,10.62274266,0
1985,WV,0,6595.505859,41801.49792,48,8.794295373,10.64071138,0
1986,WV,0,6950.119141,42668.14819,48,8.846657953,10.66123141,0
1987,WV,0,6869.611328,41722.40563,48,8.835008366,10.63881754,0
1988,WV,0,6598.387207,41084.1087,48,8.794732076,10.62340102,0
1989,WV,0,7068.838379,40168.02542,48,8.863592899,10.60085147,0
1990,WV,0,7626.120117,41882.76933,48,8.939465611,10.64265366,0
1991,WV,0,7518.742676,43812.9268,48,8.925287198,10.68770701,0
1992,WV,0,7939.644531,47094.18897,48,8.979749726,10.75992613,0
1993,WV,0,7986.564941,46099.60376,48,8.985641229,10.73858133,0
1994,WV,0,8332.960938,46970.32275,48,9.028094125,10.75729254,0
1995,WV,0,8414.048828,46007.8147,48,9.037776909,10.73658828,0
1996,WV,0,8444.927734,46210.08465,48,9.041439679,10.74097498,0
1997,WV,0,8590.757812,45373.30986,48,9.058558629,10.72270136,0
1998,WV,0,8932.061523,45810.48874,48,9.097514451,10.73229018,0
1999,WV,0,9360.536133,45821.86209,48,9.144364673,10.73253842,0
2000,WV,0,9540.616211,45444.79597,48,9.163418164,10.7242756,0
1959,WY,0,2960.76416,36320.18619,49,7.99354037,10.50015649,0
1960,WY,0,3287.704102,37821.60793,49,8.098248876,10.5406623,0
1961,WY,0,3418.843994,39617.29303,49,8.137350213,10.58704624,0
1962,WY,0,3559.721924,41465.70523,49,8.177718591,10.6326461,0
1963,WY,0,3555.544434,43136.32664,49,8.176544688,10.67214395,0
1964,WY,0,3675.811279,42028.53548,49,8.209801155,10.64612788,0
1965,WY,0,3573.975586,42358.2433,49,8.181713626,10.65394194,0
1966,WY,0,4240.408691,42769.93255,49,8.352650732,10.663614,0
1967,WY,0,4194.933105,46039.84556,49,8.341871027,10.73728423,0
1968,WY,0,4261.677734,47264.26563,49,8.357652818,10.76353096,0
1969,WY,0,4782.958496,49208.1677,49,8.47302362,10.80383522,0
1970,WY,0,4915.867188,48820.94096,49,8.500426856,10.7959351,0
1971,WY,0,5370.020508,49614.47012,49,8.588773208,10.81205796,0
1972,WY,0,5232.418945,50079.8478,49,8.562820062,10.82139393,0
1973,WY,0,5710.211914,47559.77999,49,8.650186524,10.76976375,0
1974,WY,0,5553.681152,44672.73091,49,8.622396302,10.70714093,0
1975,WY,0,5381.791992,44989.24971,49,8.590962476,10.71420107,0
1976,WY,0,6117.277344,46715.33513,49,8.719035856,10.75184917,0
1977,WY,0,6750.606934,50868.93976,49,8.81753582,10.83702745,0
1978,WY,0,6602.359375,48390.37441,49,8.795333795,10.78707686,0
1979,WY,0,7109.556152,52672.83956,49,8.869335741,10.87187421,0
1980,WY,0,7299.273438,51319.90206,49,8.895667084,10.8458534,0
1981,WY,0,7647.342773,50973.28786,49,8.942244272,10.83907662,0
1982,WY,0,8494.532227,52475.7978,49,9.047295684,10.8681264,0
1983,WY,0,9358.011719,55164.22807,49,9.144094978,10.91808811,0
1984,WY,0,9406.879883,55401.75364,49,9.149302902,10.92238458,0
1985,WY,0,9634.275391,55170.60063,49,9.173186163,10.91820362,0
1986,WY,0,9653.18457,56165.33728,49,9.175146735,10.93607288,0
1987,WY,0,9103.226562,53604.15438,49,9.116494042,10.88940051,0
1988,WY,0,9272.115234,51672.63498,49,9.134874658,10.85270297,0
1989,WY,0,9212.864258,49486.40239,49,9.128464613,10.80947342,0
1990,WY,0,8858.518555,48854.88904,49,9.089247703,10.7966302,0
1991,WY,0,8561.799805,48710.38141,49,9.055182496,10.79366799,0
1992,WY,0,8489.547852,46750.70804,49,9.046708806,10.75260607,0
1993,WY,0,8350.686523,46707.7461,49,9.030218776,10.75168671,0
1994,WY,0,8465.302734,46053.66357,49,9.043849179,10.73758431,0
1995,WY,0,8336.47168,45172.2195,49,9.028515293,10.7182597,0
1996,WY,0,8298.535156,44076.77699,49,9.023954787,10.69371101,0
1997,WY,0,8448.360352,43505.22886,49,9.041846019,10.6806594,0
1998,WY,0,9152.756836,44815.19018,49,9.121919657,10.71032474,0
1999,WY,0,9718.823242,44667.44802,49,9.181922712,10.70702267,0
2000,WY,0,9921.628906,43912.57899,49,9.202573176,10.68997887,0
